open_time,open,high,low,close,volume,close_time,quote_asset_volume,num_trades,taker_buy_base,taker_buy_quote,ignore,bid_volume,ask_volume,total_volume
2025-07-26 08:00:00,186.4100,187.9900,186.4100,187.9600,549552.94,2025-07-26 08:59:59.999,102905993.951080,66919,321549.3,60221482.259080,0,321549.3,228003.63999999996,549552.94
2025-07-26 09:00:00,187.9700,189.1600,187.4200,188.9400,933487.36,2025-07-26 09:59:59.999,175832065.355460,92016,502027.4,94570825.910560,0,502027.4,431459.95999999996,933487.36
2025-07-26 10:00:00,188.9400,189.7500,188.0900,188.2200,954186.81,2025-07-26 10:59:59.999,180394950.558220,99528,423808.89,80140488.511520,0,423808.89,530377.92,954186.81
2025-07-26 11:00:00,188.2100,188.5000,187.2400,187.6900,858101.65,2025-07-26 11:59:59.999,161183692.569080,83855,354699.75,66634127.012300,0,354699.75,503401.9,858101.65
2025-07-26 12:00:00,187.6900,188.4400,187.2100,187.8400,502553.74,2025-07-26 12:59:59.999,94441837.352600,57501,270657.04,50870158.440600,0,270657.04,231896.7,502553.74
2025-07-26 13:00:00,187.8400,188.1700,187.2100,187.4800,471577.52,2025-07-26 13:59:59.999,88477629.244300,51490,216232.71,40573199.402400,0,216232.71,255344.81000000003,471577.52
2025-07-26 14:00:00,187.4800,187.9100,186.1000,186.3700,728447.75,2025-07-26 14:59:59.999,136236551.693160,74139,264897.8,49565864.002000,0,264897.8,463549.95,728447.75
2025-07-26 15:00:00,186.3800,187.7100,185.9600,187.5000,749978.03,2025-07-26 15:59:59.999,140100773.728810,78902,368807.18,68930428.089160,0,368807.18,381170.85000000003,749978.03
2025-07-26 16:00:00,187.5000,187.7700,186.4100,186.7800,541918.13,2025-07-26 16:59:59.999,101376386.449900,67265,251485.41,47059159.720900,0,251485.41,290432.72,541918.13
2025-07-26 17:00:00,186.7900,186.8900,185.3200,185.5900,789748.81,2025-07-26 17:59:59.999,146810035.074970,71687,347355.43,64562639.719300,0,347355.43,442393.38000000006,789748.81
2025-07-26 18:00:00,185.6000,186.3700,184.9900,185.9600,427475.33,2025-07-26 18:59:59.999,79424441.472100,54576,229433.76,42647247.749300,0,229433.76,198041.57,427475.33
2025-07-26 19:00:00,185.9500,186.6300,185.7700,186.3800,298104.47,2025-07-26 19:59:59.999,55497347.216000,41060,151694.71,28245432.197200,0,151694.71,146409.75999999998,298104.47
2025-07-26 20:00:00,186.3800,186.4500,185.2500,185.8500,314864.34,2025-07-26 20:59:59.999,58497118.545100,42769,140922.73,26186283.203100,0,140922.73,173941.61000000002,314864.34
2025-07-26 21:00:00,185.8500,186.4300,185.3800,186.3200,236864.07,2025-07-26 21:59:59.999,44012656.098300,37044,126863.75,23582700.352900,0,126863.75,110000.32,236864.07
2025-07-26 22:00:00,186.3200,186.7500,184.7500,185.0300,631949.64,2025-07-26 22:59:59.999,117291705.016000,71392,256291.0,47610277.804400,0,256291.0,375658.64,631949.64
2025-07-26 23:00:00,185.0300,185.0500,184.1900,184.8200,516282.27,2025-07-26 23:59:59.999,95330596.615020,64236,195889.38,36179744.519000,0,195889.38,320392.89,516282.27
2025-07-27 00:00:00,184.8200,185.4700,184.4700,185.4400,327053.55,2025-07-27 00:59:59.999,60506618.922200,47010,172232.27,31868834.956400,0,172232.27,154821.28,327053.55
2025-07-27 01:00:00,185.4400,186.5400,185.0700,186.2500,483447.38,2025-07-27 01:59:59.999,89953920.172270,61734,302396.08,56269529.001470,0,302396.08,181051.3,483447.38
2025-07-27 02:00:00,186.2400,187.1100,185.7600,187.0700,349315.09,2025-07-27 02:59:59.999,65141398.630400,48517,196951.92,36741574.095300,0,196951.92,152363.17,349315.09
2025-07-27 03:00:00,187.0700,187.6000,186.1800,187.1400,533389.56,2025-07-27 03:59:59.999,99736449.837580,67078,235177.57,43971407.842380,0,235177.57,298211.99000000005,533389.56
2025-07-27 04:00:00,187.1500,187.5400,186.6000,187.4400,311783.23,2025-07-27 04:59:59.999,58326080.345700,51643,155258.29,29047015.711000,0,155258.29,156524.93999999997,311783.23
2025-07-27 05:00:00,187.4400,188.3000,187.2200,187.8000,529774.37,2025-07-27 05:59:59.999,99466713.465300,72905,265303.99,49817150.887400,0,265303.99,264470.38,529774.37
2025-07-27 06:00:00,187.8000,187.9800,186.9500,186.9900,329555.82,2025-07-27 06:59:59.999,61739882.819100,53319,148611.67,27845295.153100,0,148611.67,180944.15,329555.82
2025-07-27 07:00:00,187.0000,187.8300,186.5300,187.1500,430637.29,2025-07-27 07:59:59.999,80671850.154600,58749,210457.64,39438259.085400,0,210457.64,220179.64999999997,430637.29
2025-07-27 08:00:00,187.1500,187.4400,186.1800,186.6500,496146.87,2025-07-27 08:59:59.999,92606283.369500,62160,207504.25,38737020.114600,0,207504.25,288642.62,496146.87
2025-07-27 09:00:00,186.6600,187.3000,186.1100,186.3000,342600.09,2025-07-27 09:59:59.999,63999914.573700,54856,151263.89,28262320.953800,0,151263.89,191336.2,342600.09
2025-07-27 10:00:00,186.3100,188.4200,186.2600,187.5800,639360.3,2025-07-27 10:59:59.999,119877572.979600,74716,337907.31,63360308.023300,0,337907.31,301452.99000000005,639360.3
2025-07-27 11:00:00,187.5900,188.5300,186.7200,186.9400,696502.5,2025-07-27 11:59:59.999,130763871.913100,88967,341533.63,64127419.746500,0,341533.63,354968.87,696502.5
2025-07-27 12:00:00,186.9500,187.3000,185.3800,186.3500,783260.34,2025-07-27 12:59:59.999,145933310.598470,94238,378491.59,70538500.592100,0,378491.59,404768.74999999994,783260.34
2025-07-27 13:00:00,186.3400,186.7100,185.4000,185.6800,492352.72,2025-07-27 13:59:59.999,91626901.552000,66245,220528.5,41041130.495000,0,220528.5,271824.22,492352.72
2025-07-27 14:00:00,185.6700,186.4500,185.0700,185.7000,552161.56,2025-07-27 14:59:59.999,102575802.457600,83273,289368.02,53767043.970700,0,289368.02,262793.54000000004,552161.56
2025-07-27 15:00:00,185.7100,186.4300,184.8000,186.3800,525146.42,2025-07-27 15:59:59.999,97446856.396900,88873,260735.23,48402891.290500,0,260735.23,264411.19000000006,525146.42
2025-07-27 16:00:00,186.3800,189.7000,186.3000,187.5800,1766076.95,2025-07-27 16:59:59.999,332482789.140140,201653,865381.97,162908846.111160,0,865381.97,900694.98,1766076.95
2025-07-27 17:00:00,187.5800,188.2900,185.8700,187.9900,1160333.92,2025-07-27 17:59:59.999,216993805.923060,148389,615951.92,115202099.796080,0,615951.92,544381.9999999999,1160333.92
2025-07-27 18:00:00,187.9900,188.7200,187.3700,188.3200,688109.15,2025-07-27 18:59:59.999,129493425.460500,97601,320097.42,60241781.244800,0,320097.42,368011.73000000004,688109.15
2025-07-27 19:00:00,188.3100,188.5200,186.8000,186.8900,329841.45,2025-07-27 19:59:59.999,61859134.265500,60400,143801.35,26972316.244200,0,143801.35,186040.1,329841.45
2025-07-27 20:00:00,186.8900,188.1500,186.6000,187.0600,304615.52,2025-07-27 20:59:59.999,57091297.934500,61542,161380.12,30248265.229300,0,161380.12,143235.40000000002,304615.52
2025-07-27 21:00:00,187.0700,187.9000,186.2700,187.9000,301944.8,2025-07-27 21:59:59.999,56442488.843200,55134,151826.83,28390733.919300,0,151826.83,150117.97,301944.8
2025-07-27 22:00:00,187.9000,190.6700,187.7500,188.8700,1291906.55,2025-07-27 22:59:59.999,245007638.732430,163873,617787.3,117160041.409970,0,617787.3,674119.25,1291906.55
2025-07-27 23:00:00,188.8600,189.0400,187.1100,188.5500,831528.6,2025-07-27 23:59:59.999,156312815.273780,121882,437297.37,82192170.162900,0,437297.37,394231.23,831528.6
2025-07-28 00:00:00,188.5600,191.0900,188.0200,189.6200,941132.73,2025-07-28 00:59:59.999,178608986.375350,154524,460446.53,87393413.625350,0,460446.53,480686.19999999995,941132.73
2025-07-28 01:00:00,189.6300,190.1000,187.5500,188.2000,710869.14,2025-07-28 01:59:59.999,134105576.448620,129038,341582.95,64429978.010900,0,341582.95,369286.19,710869.14
2025-07-28 02:00:00,188.2100,191.9600,187.8000,191.5400,1425169.89,2025-07-28 02:59:59.999,271656139.478350,173770,729189.78,138925298.862750,0,729189.78,695980.1099999999,1425169.89
2025-07-28 03:00:00,191.5400,193.7900,191.2100,193.2900,1387573.36,2025-07-28 03:59:59.999,267105520.376740,171596,703271.74,135375064.944340,0,703271.74,684301.6200000001,1387573.36
2025-07-28 04:00:00,193.2900,194.0200,192.4500,193.0400,961254.84,2025-07-28 04:59:59.999,185602028.326450,134687,466505.52,90093823.401650,0,466505.52,494749.31999999995,961254.84
2025-07-28 05:00:00,193.0400,195.3200,192.6600,194.3000,986085.38,2025-07-28 05:59:59.999,191123477.846080,129371,530356.26,102811759.227880,0,530356.26,455729.12,986085.38
2025-07-28 06:00:00,194.3100,194.4900,193.5200,193.9700,701712.92,2025-07-28 06:59:59.999,136062884.145120,84711,326372.01,63286123.913900,0,326372.01,375340.91000000003,701712.92
2025-07-28 07:00:00,193.9800,194.0600,191.5600,192.2900,1152457.13,2025-07-28 07:59:59.999,221699169.262220,124906,542414.49,104336650.821700,0,542414.49,610042.6399999999,1152457.13
2025-07-28 08:00:00,192.2900,192.7800,191.2000,192.5400,623309.68,2025-07-28 08:59:59.999,119681352.930500,86126,306025.53,58774129.301000,0,306025.53,317284.15,623309.68
2025-07-28 09:00:00,192.5300,193.3100,191.7500,193.0900,533385.59,2025-07-28 09:59:59.999,102750153.897500,76832,245042.1,47209370.953400,0,245042.1,288343.49,533385.59
2025-07-28 10:00:00,193.0900,193.2500,191.6400,192.2400,531655.48,2025-07-28 10:59:59.999,102286757.918700,75748,261846.69,50382097.782500,0,261846.69,269808.79,531655.48
2025-07-28 11:00:00,192.2400,192.2800,190.6000,191.9600,676037.66,2025-07-28 11:59:59.999,129339876.673490,86579,306026.6,58565021.576100,0,306026.6,370011.06000000006,676037.66
2025-07-28 12:00:00,191.9600,193.4900,191.3100,192.8200,861134.96,2025-07-28 12:59:59.999,165887493.514020,120373,464545.59,89488053.752220,0,464545.59,396589.36999999994,861134.96
2025-07-28 13:00:00,192.8300,192.9100,189.2300,190.1600,1946698.13,2025-07-28 13:59:59.999,371267086.693610,250336,896376.46,170949397.963800,0,896376.46,1050321.67,1946698.13
2025-07-28 14:00:00,190.1600,190.6600,186.6600,187.4600,2579620.34,2025-07-28 14:59:59.999,485372098.553560,277140,1089927.6,205045498.284200,0,1089927.6,1489692.7399999998,2579620.34
2025-07-28 15:00:00,187.4700,189.0200,186.4800,187.1400,1140580.83,2025-07-28 15:59:59.999,214247800.312700,168698,588800.49,110648082.947600,0,588800.49,551780.3400000001,1140580.83
2025-07-28 16:00:00,187.1300,187.9500,186.0500,186.5900,1050092.54,2025-07-28 16:59:59.999,196244412.813270,152067,489402.75,91481148.533260,0,489402.75,560689.79,1050092.54
2025-07-28 17:00:00,186.5900,187.3800,185.2400,185.8400,1093469.73,2025-07-28 17:59:59.999,203576017.162940,148769,458717.19,85440627.743900,0,458717.19,634752.54,1093469.73
2025-07-28 18:00:00,185.8400,186.1900,183.3600,185.0800,2027888.0,2025-07-28 18:59:59.999,374374536.394520,218468,905039.82,167123994.907300,0,905039.82,1122848.1800000002,2027888.0
2025-07-28 19:00:00,185.0700,186.3800,183.5500,185.2000,1280227.73,2025-07-28 19:59:59.999,236962326.055190,143590,656555.66,121563356.425170,0,656555.66,623672.07,1280227.73
2025-07-28 20:00:00,185.2100,185.4900,182.5200,184.1200,1335449.78,2025-07-28 20:59:59.999,245587461.048880,148080,568741.8,104619163.604820,0,568741.8,766707.98,1335449.78
2025-07-28 21:00:00,184.1100,185.1100,183.2400,184.1700,566979.44,2025-07-28 21:59:59.999,104500064.725700,105770,295540.74,54476172.766700,0,295540.74,271438.69999999995,566979.44
2025-07-28 22:00:00,184.1700,184.5600,182.0600,183.5700,814643.9,2025-07-28 22:59:59.999,149277592.094000,108532,397014.54,72769241.748600,0,397014.54,417629.36000000004,814643.9
2025-07-28 23:00:00,183.5800,183.9800,182.1200,183.0300,613029.7,2025-07-28 23:59:59.999,112346802.662500,86612,296176.26,54286685.845000,0,296176.26,316853.43999999994,613029.7
2025-07-29 00:00:00,183.0300,184.6200,180.6700,182.7300,1426837.54,2025-07-29 00:59:59.999,260761192.868640,158995,655339.37,119849780.494640,0,655339.37,771498.17,1426837.54
2025-07-29 01:00:00,182.7400,183.9500,181.5700,181.6700,567534.32,2025-07-29 01:59:59.999,103850316.868330,99539,280067.52,51252090.799630,0,280067.52,287466.79999999993,567534.32
2025-07-29 02:00:00,181.6800,182.3600,180.5000,182.2000,958862.68,2025-07-29 02:59:59.999,174045012.490100,136752,474996.15,86234235.416300,0,474996.15,483866.53,958862.68
2025-07-29 03:00:00,182.2100,184.6600,182.1700,184.2700,874995.89,2025-07-29 03:59:59.999,160579542.649520,117573,506357.74,92937208.669240,0,506357.74,368638.15,874995.89
2025-07-29 04:00:00,184.2700,184.7200,183.1400,183.3200,566628.61,2025-07-29 04:59:59.999,104258379.232400,83416,245485.11,45180342.029000,0,245485.11,321143.5,566628.61
2025-07-29 05:00:00,183.3300,184.8000,183.1300,184.7900,493133.08,2025-07-29 05:59:59.999,90799754.615100,70914,261327.95,48121979.622000,0,261327.95,231805.13,493133.08
2025-07-29 06:00:00,184.7900,185.5200,184.4100,184.7200,697659.79,2025-07-29 06:59:59.999,129068294.318800,95942,355530.51,65781045.758800,0,355530.51,342129.28,697659.79
2025-07-29 07:00:00,184.7200,186.5000,184.7200,185.9600,860103.14,2025-07-29 07:59:59.999,159702684.520860,98883,462782.97,85918621.145760,0,462782.97,397320.17000000004,860103.14
2025-07-29 08:00:00,185.9600,186.4400,184.7400,184.8300,616423.99,2025-07-29 08:59:59.999,114363476.349300,93687,289439.07,53715795.786500,0,289439.07,326984.92,616423.99
2025-07-29 09:00:00,184.8400,185.1400,184.1300,184.5200,509639.75,2025-07-29 09:59:59.999,94107784.796420,76461,230650.75,42596996.073200,0,230650.75,278989.0,509639.75
2025-07-29 10:00:00,184.5200,184.7200,182.1600,182.3000,937981.53,2025-07-29 10:59:59.999,171967730.917480,119858,415879.15,76261852.460330,0,415879.15,522102.38,937981.53
2025-07-29 11:00:00,182.2900,183.4500,182.2700,182.8300,423898.27,2025-07-29 11:59:59.999,77492726.253100,76565,228885.71,41844476.473900,0,228885.71,195012.56000000003,423898.27
2025-07-29 12:00:00,182.8400,184.4500,182.4700,183.8000,680591.19,2025-07-29 12:59:59.999,124968320.337580,100108,356555.44,65467452.151080,0,356555.44,324035.74999999994,680591.19
2025-07-29 13:00:00,183.8000,184.9300,182.1000,182.6200,1162772.72,2025-07-29 13:59:59.999,213625588.759060,158867,549679.36,101029096.887460,0,549679.36,613093.36,1162772.72
2025-07-29 14:00:00,182.6200,182.7300,179.5500,180.3100,2507631.12,2025-07-29 14:59:59.999,453657049.152790,251758,1097458.39,198600992.294200,0,1097458.39,1410172.7300000002,2507631.12
2025-07-29 15:00:00,180.3000,181.4000,179.1000,180.7100,1579682.27,2025-07-29 15:59:59.999,284721512.053480,173221,773147.48,139398706.171600,0,773147.48,806534.79,1579682.27
2025-07-29 16:00:00,180.7000,180.8800,178.1800,180.0000,1869359.17,2025-07-29 16:59:59.999,335410357.677950,187153,925484.25,166084485.145700,0,925484.25,943874.9199999999,1869359.17
2025-07-29 17:00:00,180.0000,181.6400,179.7200,181.4000,939084.28,2025-07-29 17:59:59.999,169866904.051460,116754,450336.43,81470670.503360,0,450336.43,488747.85000000003,939084.28
2025-07-29 18:00:00,181.3900,182.0500,180.6000,181.3800,435313.99,2025-07-29 18:59:59.999,78978904.638800,79928,203843.46,36989340.951300,0,203843.46,231470.53,435313.99
2025-07-29 19:00:00,181.3800,182.3300,180.2500,181.0000,759185.88,2025-07-29 19:59:59.999,137674064.929600,93070,337208.19,61156629.918100,0,337208.19,421977.69,759185.88
2025-07-29 20:00:00,180.9900,181.8200,179.4500,179.9900,938780.55,2025-07-29 20:59:59.999,169417081.756000,122044,495851.37,89499398.636700,0,495851.37,442929.18000000005,938780.55
2025-07-29 21:00:00,180.0000,181.5600,179.2000,181.1600,495087.14,2025-07-29 21:59:59.999,89186946.714300,74411,243111.12,43811574.235200,0,243111.12,251976.02000000002,495087.14
2025-07-29 22:00:00,181.1700,181.7500,180.3100,181.6200,377259.93,2025-07-29 22:59:59.999,68321207.539000,58411,153934.34,27878875.072100,0,153934.34,223325.59,377259.93
2025-07-29 23:00:00,181.6300,181.9000,180.8200,181.3900,322373.45,2025-07-29 23:59:59.999,58476538.828500,49379,143225.29,25983325.263300,0,143225.29,179148.16,322373.45
2025-07-30 00:00:00,181.3800,181.5000,179.2000,180.1300,606811.24,2025-07-30 00:59:59.999,109366975.123380,87805,303268.28,54638479.618600,0,303268.28,303542.95999999996,606811.24
2025-07-30 01:00:00,180.1300,181.8600,178.7100,181.2900,891947.04,2025-07-30 01:59:59.999,160923081.538680,109397,438281.42,79104955.108710,0,438281.42,453665.62000000005,891947.04
2025-07-30 02:00:00,181.2900,182.2900,181.0100,181.6800,562845.46,2025-07-30 02:59:59.999,102287319.359100,83438,292101.0,53089769.219700,0,292101.0,270744.45999999996,562845.46
2025-07-30 03:00:00,181.6700,182.1700,181.2400,181.6000,307892.78,2025-07-30 03:59:59.999,55942521.564400,61352,140766.54,25577673.717200,0,140766.54,167126.24000000002,307892.78
2025-07-30 04:00:00,181.6000,182.0300,180.0800,180.2200,480986.68,2025-07-30 04:59:59.999,87015005.561260,71778,194654.54,35226470.782800,0,194654.54,286332.14,480986.68
2025-07-30 05:00:00,180.2200,181.1700,179.2300,180.9300,729613.85,2025-07-30 05:59:59.999,131434072.240420,86051,331501.95,59735254.155200,0,331501.95,398111.89999999997,729613.85
2025-07-30 06:00:00,180.9300,182.0000,180.7000,181.9200,462854.46,2025-07-30 06:59:59.999,83937408.311150,74501,246587.88,44721228.767750,0,246587.88,216266.58000000002,462854.46
2025-07-30 07:00:00,181.9100,182.4800,180.2700,180.7400,723015.93,2025-07-30 07:59:59.999,131177861.727200,97995,324637.21,58905360.130900,0,324637.21,398378.72000000003,723015.93
2025-07-30 08:00:00,180.7400,181.4400,179.7500,180.4600,735174.92,2025-07-30 08:59:59.999,132684002.243160,91987,349684.42,63116361.868700,0,349684.42,385490.50000000006,735174.92
2025-07-30 09:00:00,180.4600,180.8600,178.5800,179.0300,950688.69,2025-07-30 09:59:59.999,170556078.114650,115048,451360.61,80965976.812100,0,451360.61,499328.07999999996,950688.69
2025-07-30 10:00:00,179.0200,180.0300,177.6100,177.9200,922163.0,2025-07-30 10:59:59.999,164923361.454600,104455,363675.69,65091378.462100,0,363675.69,558487.31,922163.0
2025-07-30 11:00:00,177.9200,178.6200,176.3100,177.2100,1627540.49,2025-07-30 11:59:59.999,288387785.682700,175459,713267.56,126431776.327500,0,713267.56,914272.9299999999,1627540.49
2025-07-30 12:00:00,177.2000,177.9800,176.5600,177.4400,1126765.84,2025-07-30 12:59:59.999,199779955.063520,129874,562623.55,99757076.743020,0,562623.55,564142.29,1126765.84
2025-07-30 13:00:00,177.4300,178.1800,176.5600,177.9000,1172661.54,2025-07-30 13:59:59.999,208047406.219600,144020,574808.35,101987631.661500,0,574808.35,597853.1900000001,1172661.54
2025-07-30 14:00:00,177.9000,180.5000,177.6200,180.0000,1295229.4,2025-07-30 14:59:59.999,231901833.821340,166598,703560.66,125991275.075840,0,703560.66,591668.7399999999,1295229.4
2025-07-30 15:00:00,180.0100,180.3000,178.1300,179.1200,809735.52,2025-07-30 15:59:59.999,145056561.693470,130511,352116.37,63091690.307600,0,352116.37,457619.15,809735.52
2025-07-30 16:00:00,179.1100,179.9600,178.2500,178.5700,542727.86,2025-07-30 16:59:59.999,97154114.512000,82481,267838.42,47959109.830200,0,267838.42,274889.44,542727.86
2025-07-30 17:00:00,178.5800,179.3000,178.1700,179.2700,410054.44,2025-07-30 17:59:59.999,73321039.824600,70938,211920.97,37897874.826300,0,211920.97,198133.47,410054.44
2025-07-30 18:00:00,179.2700,180.0900,175.6500,175.7900,1906947.51,2025-07-30 18:59:59.999,339177057.477100,240677,831701.95,148114988.392980,0,831701.95,1075245.56,1906947.51
2025-07-30 19:00:00,175.7900,176.3800,170.0000,176.0300,4757496.76,2025-07-30 19:59:59.999,826202447.547520,449738,2149356.5,373345390.047930,0,2149356.5,2608140.26,4757496.76
2025-07-30 20:00:00,176.0300,177.4100,175.6200,176.0900,1076931.1,2025-07-30 20:59:59.999,190125505.310440,123752,546332.94,96475819.777040,0,546332.94,530598.1600000001,1076931.1
2025-07-30 21:00:00,176.0800,176.5600,174.6700,175.7700,579456.37,2025-07-30 21:59:59.999,101726813.017820,78101,305592.47,53655307.816400,0,305592.47,273863.9,579456.37
2025-07-30 22:00:00,175.7600,176.3600,175.0200,176.2300,499406.23,2025-07-30 22:59:59.999,87751005.349860,77577,239102.23,42021022.695460,0,239102.23,260303.99999999997,499406.23
2025-07-30 23:00:00,176.2300,178.0000,176.1400,177.6800,529232.0,2025-07-30 23:59:59.999,93838455.460420,72608,258524.99,45831930.334620,0,258524.99,270707.01,529232.0
2025-07-31 00:00:00,177.6700,179.6400,177.5200,179.3300,684436.82,2025-07-31 00:59:59.999,122258630.544750,85224,424218.16,75792740.239250,0,424218.16,260218.65999999997,684436.82
2025-07-31 01:00:00,179.3400,180.0000,178.7700,179.3800,589030.96,2025-07-31 01:59:59.999,105669524.126200,73681,263116.76,47212048.701000,0,263116.76,325914.19999999995,589030.96
2025-07-31 02:00:00,179.3800,180.2600,179.1000,180.2300,361792.99,2025-07-31 02:59:59.999,65018069.335960,55523,212476.6,38199142.870760,0,212476.6,149316.38999999998,361792.99
2025-07-31 03:00:00,180.2300,180.4700,179.8600,180.2300,358151.14,2025-07-31 03:59:59.999,64516547.356130,48341,154585.25,27848517.245530,0,154585.25,203565.89,358151.14
2025-07-31 04:00:00,180.2200,180.8000,179.6900,180.7500,388128.95,2025-07-31 04:59:59.999,69953329.840100,49223,196046.66,35347795.454100,0,196046.66,192082.29,388128.95
2025-07-31 05:00:00,180.7600,181.1100,180.5000,180.6900,430522.88,2025-07-31 05:59:59.999,77863924.638000,50055,194869.23,35246698.148700,0,194869.23,235653.65,430522.88
2025-07-31 06:00:00,180.6900,181.5500,180.2300,181.1900,519497.12,2025-07-31 06:59:59.999,93987981.268400,65647,256909.85,46486002.180100,0,256909.85,262587.27,519497.12
2025-07-31 07:00:00,181.1900,181.3100,180.8000,181.1500,324652.66,2025-07-31 07:59:59.999,58776719.072000,48226,170712.67,30909692.270000,0,170712.67,153939.98999999996,324652.66
2025-07-31 08:00:00,181.1600,182.0800,180.9700,181.6100,485102.25,2025-07-31 08:59:59.999,88091946.139400,55895,281583.1,51142920.551600,0,281583.1,203519.15000000002,485102.25
2025-07-31 09:00:00,181.6000,182.6600,181.4900,182.4500,466632.52,2025-07-31 09:59:59.999,84936175.338300,55138,256592.7,46712627.443400,0,256592.7,210039.82,466632.52
2025-07-31 10:00:00,182.4500,182.5500,181.2300,181.2800,527722.57,2025-07-31 10:59:59.999,95987461.678800,60908,203939.52,37100548.006500,0,203939.52,323783.04999999993,527722.57
2025-07-31 11:00:00,181.2900,181.4800,180.1300,180.6600,759907.08,2025-07-31 11:59:59.999,137446945.371760,80805,309745.25,56026428.957100,0,309745.25,450161.82999999996,759907.08
2025-07-31 12:00:00,180.6600,180.8300,178.6200,179.2700,1107363.97,2025-07-31 12:59:59.999,198903261.710650,120099,506592.82,90999938.715500,0,506592.82,600771.1499999999,1107363.97
2025-07-31 13:00:00,179.2700,179.3000,176.6100,177.5800,2032365.51,2025-07-31 13:59:59.999,360798798.859300,197241,952343.04,169061264.235900,0,952343.04,1080022.47,2032365.51
2025-07-31 14:00:00,177.5800,178.1300,175.3800,175.5800,1778794.72,2025-07-31 14:59:59.999,313911097.809760,183624,752658.25,132870608.751500,0,752658.25,1026136.47,1778794.72
2025-07-31 15:00:00,175.5800,177.3600,175.1400,177.2100,1045169.94,2025-07-31 15:59:59.999,184413216.036760,144734,510939.14,90175762.619960,0,510939.14,534230.7999999999,1045169.94
2025-07-31 16:00:00,177.2200,179.7000,177.0300,179.1700,1193366.83,2025-07-31 16:59:59.999,212955983.698790,146794,624137.8,111370185.402490,0,624137.8,569229.03,1193366.83
2025-07-31 17:00:00,179.1700,179.2200,176.7100,177.1900,928703.25,2025-07-31 17:59:59.999,165082356.805020,139100,407537.08,72460110.049700,0,407537.08,521166.17,928703.25
2025-07-31 18:00:00,177.2000,178.0100,175.4800,177.6500,1041236.47,2025-07-31 18:59:59.999,184017097.893740,133831,499564.17,88296306.766180,0,499564.17,541672.3,1041236.47
2025-07-31 19:00:00,177.6600,178.1200,174.6600,175.2200,1306221.67,2025-07-31 19:59:59.999,229799452.931080,151601,463435.42,81550488.041600,0,463435.42,842786.25,1306221.67
2025-07-31 20:00:00,175.2200,175.6600,174.1300,175.3700,1394120.71,2025-07-31 20:59:59.999,243823100.074070,138979,765245.77,133865963.368300,0,765245.77,628874.94,1394120.71
2025-07-31 21:00:00,175.3800,175.6000,172.6300,173.7400,1114810.81,2025-07-31 21:59:59.999,194082064.431730,116955,439272.04,76541648.486600,0,439272.04,675538.77,1114810.81
2025-07-31 22:00:00,173.7400,174.3800,172.3300,172.8300,896031.37,2025-07-31 22:59:59.999,155129763.320100,116028,413906.53,71689108.124000,0,413906.53,482124.83999999997,896031.37
2025-07-31 23:00:00,172.8300,173.6800,171.3600,172.1500,1067506.17,2025-07-31 23:59:59.999,184005520.485900,113316,494019.42,85215582.592500,0,494019.42,573486.75,1067506.17
2025-08-01 00:00:00,172.1500,172.1900,167.2400,170.2400,2951424.13,2025-08-01 00:59:59.999,501273597.413060,278294,1291574.81,219483743.174840,0,1291574.81,1659849.3199999998,2951424.13
2025-08-01 01:00:00,170.2500,170.7900,167.8600,169.4600,1892333.9,2025-08-01 01:59:59.999,320890408.222670,228172,990058.95,167922723.250640,0,990058.95,902274.95,1892333.9
2025-08-01 02:00:00,169.4500,171.7400,169.1100,171.3100,1084433.26,2025-08-01 02:59:59.999,185324513.581670,143762,613111.79,104775279.810470,0,613111.79,471321.47,1084433.26
2025-08-01 03:00:00,171.3100,172.0800,170.8400,171.0200,590420.3,2025-08-01 03:59:59.999,101257310.837100,91640,271961.57,46652044.662500,0,271961.57,318458.73000000004,590420.3
2025-08-01 04:00:00,171.0300,171.0300,169.2000,169.5600,901040.98,2025-08-01 04:59:59.999,153127411.858040,132932,393020.17,66772534.541500,0,393020.17,508020.81,901040.98
2025-08-01 05:00:00,169.5500,170.2000,168.1000,169.0100,947654.96,2025-08-01 05:59:59.999,160142229.293630,139172,418630.04,70765131.527200,0,418630.04,529024.9199999999,947654.96
2025-08-01 06:00:00,169.0200,169.5600,167.8600,169.4500,1016994.44,2025-08-01 06:59:59.999,171491683.748650,128306,467066.0,78765646.131900,0,467066.0,549928.44,1016994.44
2025-08-01 07:00:00,169.4400,169.8800,168.1600,169.3300,1033679.62,2025-08-01 07:59:59.999,174740809.207600,129882,474958.12,80293585.583400,0,474958.12,558721.5,1033679.62
2025-08-01 08:00:00,169.3300,169.3300,166.0000,167.5300,2277878.42,2025-08-01 08:59:59.999,381458925.385930,258730,993036.22,166361939.290410,0,993036.22,1284842.2,2277878.42
2025-08-01 09:00:00,167.5400,168.8000,167.1000,167.2700,934752.77,2025-08-01 09:59:59.999,157046279.479200,115638,521990.91,87713507.774400,0,521990.91,412761.86000000004,934752.77
2025-08-01 10:00:00,167.2700,168.6800,167.0000,168.5300,635624.22,2025-08-01 10:59:59.999,106858679.256100,97676,299324.37,50322009.241800,0,299324.37,336299.85,635624.22
2025-08-01 11:00:00,168.5400,169.1300,167.7200,169.1000,624429.0,2025-08-01 11:59:59.999,105157824.386000,91557,300227.01,50571668.325300,0,300227.01,324201.99,624429.0
2025-08-01 12:00:00,169.1000,170.2800,168.3400,168.9400,1330042.44,2025-08-01 12:59:59.999,225208982.844640,163318,664112.64,112482170.836140,0,664112.64,665929.7999999999,1330042.44
2025-08-01 13:00:00,168.9400,169.6900,164.6100,165.5900,2349888.43,2025-08-01 13:59:59.999,392228132.569940,271120,1034238.77,172694794.788300,0,1034238.77,1315649.6600000001,2349888.43
2025-08-01 14:00:00,165.5900,169.6300,164.4200,169.3100,2608699.65,2025-08-01 14:59:59.999,437418883.829500,278568,1327569.11,222477488.504600,0,1327569.11,1281130.5399999998,2608699.65
2025-08-01 15:00:00,169.3100,169.4200,167.0000,168.5000,1420029.86,2025-08-01 15:59:59.999,238727909.932780,177300,726850.44,122194331.162400,0,726850.44,693179.4200000002,1420029.86
2025-08-01 16:00:00,168.5000,169.7000,166.4200,166.8600,1057191.42,2025-08-01 16:59:59.999,178013367.035430,162454,491656.72,82790988.814500,0,491656.72,565534.7,1057191.42
2025-08-01 17:00:00,166.8600,167.6300,165.3600,166.4800,1128177.25,2025-08-01 17:59:59.999,187647591.744160,169893,559542.45,93078086.443980,0,559542.45,568634.8,1128177.25
2025-08-01 18:00:00,166.4800,167.1600,164.9000,165.6600,1599037.99,2025-08-01 18:59:59.999,265578947.865490,174431,734989.14,122095613.559550,0,734989.14,864048.85,1599037.99
2025-08-01 19:00:00,165.6700,167.5500,165.3200,166.4100,1624861.37,2025-08-01 19:59:59.999,270232881.786150,202682,791007.33,131572108.957050,0,791007.33,833854.0400000002,1624861.37
2025-08-01 20:00:00,166.4000,166.7800,161.6000,163.6900,2635383.53,2025-08-01 20:59:59.999,430699565.394710,282306,1174111.02,191899042.304580,0,1174111.02,1461272.5099999998,2635383.53
2025-08-01 21:00:00,163.6900,164.7900,163.4000,163.7900,765135.0,2025-08-01 21:59:59.999,125593014.020100,100951,364934.4,59898219.635700,0,364934.4,400200.6,765135.0
2025-08-01 22:00:00,163.7900,163.8900,159.0200,161.1700,2769880.78,2025-08-01 22:59:59.999,445228914.363960,307574,1162889.98,186989484.859940,0,1162889.98,1606990.7999999998,2769880.78
2025-08-01 23:00:00,161.1800,162.9700,160.8500,162.6100,781247.01,2025-08-01 23:59:59.999,126543368.411900,117976,404587.02,65538831.463500,0,404587.02,376659.99,781247.01
2025-08-02 00:00:00,162.6100,164.5700,162.4500,164.5500,914857.16,2025-08-02 00:59:59.999,149696732.770120,120151,483262.0,79077119.206320,0,483262.0,431595.16000000003,914857.16
2025-08-02 01:00:00,164.5600,164.7800,163.7000,164.6900,408355.06,2025-08-02 01:59:59.999,67076135.550200,58892,185305.83,30447086.653300,0,185305.83,223049.23,408355.06
2025-08-02 02:00:00,164.6800,164.9500,164.1800,164.4800,289706.26,2025-08-02 02:59:59.999,47664447.602880,52430,143812.31,23663081.719780,0,143812.31,145893.95,289706.26
2025-08-02 03:00:00,164.4900,164.8200,164.0700,164.3100,424973.07,2025-08-02 03:59:59.999,69896077.545200,52035,190622.97,31353628.955500,0,190622.97,234350.1,424973.07
2025-08-02 04:00:00,164.3000,165.1900,163.8800,165.0700,341917.65,2025-08-02 04:59:59.999,56287300.703070,55433,168106.61,27677360.103770,0,168106.61,173811.04000000004,341917.65
2025-08-02 05:00:00,165.0700,165.1300,164.4700,164.6000,279364.0,2025-08-02 05:59:59.999,46043180.257900,47923,132159.43,21785317.816600,0,132159.43,147204.57,279364.0
2025-08-02 06:00:00,164.6000,164.7100,161.7300,162.6800,1077864.85,2025-08-02 06:59:59.999,175635455.334980,132182,503281.46,81993986.771200,0,503281.46,574583.3900000001,1077864.85
2025-08-02 07:00:00,162.6700,164.4200,161.8000,164.3700,657141.05,2025-08-02 07:59:59.999,107274750.137780,104734,393840.73,64308977.610580,0,393840.73,263300.32000000007,657141.05
2025-08-02 08:00:00,164.3700,164.7500,163.3500,163.6400,542422.33,2025-08-02 08:59:59.999,88991745.850900,71553,241281.84,39595090.008700,0,241281.84,301140.49,542422.33
2025-08-02 09:00:00,163.6300,164.2300,163.2500,163.6900,494086.74,2025-08-02 09:59:59.999,80890091.424000,71737,220792.26,36146241.644100,0,220792.26,273294.48,494086.74
2025-08-02 10:00:00,163.7000,163.8500,162.1400,162.9900,615226.78,2025-08-02 10:59:59.999,100164962.748080,95058,299116.94,48700942.958500,0,299116.94,316109.84,615226.78
2025-08-02 11:00:00,162.9900,165.0300,162.1300,164.4000,948662.82,2025-08-02 11:59:59.999,155600805.972260,106843,523642.67,85874574.186260,0,523642.67,425020.14999999997,948662.82
2025-08-02 12:00:00,164.3900,164.5500,163.3900,164.2900,442688.75,2025-08-02 12:59:59.999,72620079.859680,73863,215168.09,35297810.736100,0,215168.09,227520.66,442688.75
2025-08-02 13:00:00,164.2800,164.8800,163.5000,164.3900,442113.8,2025-08-02 13:59:59.999,72596887.625180,73716,218339.32,35858527.421980,0,218339.32,223774.47999999998,442113.8
2025-08-02 14:00:00,164.4000,164.6900,162.1500,162.6000,886174.1,2025-08-02 14:59:59.999,144555292.254960,113460,406514.92,66308511.458500,0,406514.92,479659.18,886174.1
2025-08-02 15:00:00,162.5900,163.6900,160.9500,161.4500,1041819.1,2025-08-02 15:59:59.999,168990649.659480,122410,486706.2,78977088.745880,0,486706.2,555112.8999999999,1041819.1
2025-08-02 16:00:00,161.4500,161.9900,160.0900,161.4500,1402278.03,2025-08-02 16:59:59.999,225928809.576110,155866,662492.53,106743002.447220,0,662492.53,739785.5,1402278.03
2025-08-02 17:00:00,161.4400,162.1300,158.2700,159.2300,1419895.4,2025-08-02 17:59:59.999,227425685.698810,158580,647429.76,103738333.483700,0,647429.76,772465.6399999999,1419895.4
2025-08-02 18:00:00,159.2300,159.6700,155.7200,156.5300,3155212.66,2025-08-02 18:59:59.999,496555916.743870,300956,1341977.72,211283085.288280,0,1341977.72,1813234.9400000002,3155212.66
2025-08-02 19:00:00,156.5200,158.4100,155.8600,157.3400,1528588.05,2025-08-02 19:59:59.999,240608739.994280,140841,736671.34,115982573.824980,0,736671.34,791916.7100000001,1528588.05
2025-08-02 20:00:00,157.3400,158.9000,157.2600,158.9000,713227.19,2025-08-02 20:59:59.999,112771736.649010,98005,384277.79,60762833.678110,0,384277.79,328949.39999999997,713227.19
2025-08-02 21:00:00,158.8900,159.4800,157.9800,158.7700,590169.17,2025-08-02 21:59:59.999,93698423.255800,78543,317787.62,50457195.760000,0,317787.62,272381.55000000005,590169.17
2025-08-02 22:00:00,158.7700,159.7000,157.6100,158.9500,746664.23,2025-08-02 22:59:59.999,118492328.628840,109467,359843.03,57110888.656380,0,359843.03,386821.19999999995,746664.23
2025-08-02 23:00:00,158.9600,159.2000,156.9100,158.4000,921932.64,2025-08-02 23:59:59.999,145851204.963620,109071,374080.48,59170485.506630,0,374080.48,547852.16,921932.64
2025-08-03 00:00:00,158.4000,159.6900,156.1700,159.5700,1499930.39,2025-08-03 00:59:59.999,237345505.524840,198080,723372.97,114437690.417010,0,723372.97,776557.4199999999,1499930.39
2025-08-03 01:00:00,159.5700,160.1600,159.0300,159.4300,724768.53,2025-08-03 01:59:59.999,115663410.644300,98907,341668.55,54534904.691300,0,341668.55,383099.98000000004,724768.53
2025-08-03 02:00:00,159.4200,160.6500,159.4100,160.4500,406453.55,2025-08-03 02:59:59.999,65121266.440700,68221,224755.03,36006429.828500,0,224755.03,181698.52,406453.55
2025-08-03 03:00:00,160.4500,160.9800,160.2800,160.7400,305292.32,2025-08-03 03:59:59.999,49034356.053640,58907,146535.34,23538175.849340,0,146535.34,158756.98,305292.32
2025-08-03 04:00:00,160.7400,160.8200,159.9000,160.3400,426765.72,2025-08-03 04:59:59.999,68405150.152800,55582,169716.3,27200032.626600,0,169716.3,257049.41999999998,426765.72
2025-08-03 05:00:00,160.3400,160.8500,160.0700,160.2600,282454.16,2025-08-03 05:59:59.999,45311267.715000,45501,136136.89,21840410.931100,0,136136.89,146317.26999999996,282454.16
2025-08-03 06:00:00,160.2500,160.7200,159.9500,160.4900,223201.9,2025-08-03 06:59:59.999,35784388.802700,41441,103047.65,16523219.103600,0,103047.65,120154.25,223201.9
2025-08-03 07:00:00,160.4900,161.4900,160.4900,161.2500,460695.62,2025-08-03 07:59:59.999,74202005.112800,53481,229558.44,36968521.368400,0,229558.44,231137.18,460695.62
2025-08-03 08:00:00,161.2600,161.6800,160.7300,161.2700,454965.71,2025-08-03 08:59:59.999,73354030.414700,55823,209426.98,33774297.727900,0,209426.98,245538.73,454965.71
2025-08-03 09:00:00,161.2700,161.4000,160.5800,161.0700,290716.3,2025-08-03 09:59:59.999,46777167.942600,42325,137515.1,22127630.838700,0,137515.1,153201.19999999998,290716.3
2025-08-03 10:00:00,161.0700,161.7200,161.0200,161.5400,337100.97,2025-08-03 10:59:59.999,54424759.037000,46593,153403.94,24767650.715900,0,153403.94,183697.02999999997,337100.97
2025-08-03 11:00:00,161.5400,162.7800,161.2800,161.3700,791489.0,2025-08-03 11:59:59.999,128295355.846600,96765,412281.8,66837907.648100,0,412281.8,379207.2,791489.0
2025-08-03 12:00:00,161.3700,162.1500,160.8000,161.6800,566787.96,2025-08-03 12:59:59.999,91444186.032640,80220,269354.21,43462530.170300,0,269354.21,297433.74999999994,566787.96
2025-08-03 13:00:00,161.6700,162.2500,160.5000,161.2500,533667.44,2025-08-03 13:59:59.999,86077514.769220,70663,245638.48,39626717.251280,0,245638.48,288028.95999999996,533667.44
2025-08-03 14:00:00,161.2400,161.5000,160.2700,161.2400,865751.38,2025-08-03 14:59:59.999,139176403.677000,81776,355076.77,57080993.647200,0,355076.77,510674.61,865751.38
2025-08-03 15:00:00,161.2400,162.2200,160.6900,162.0100,578314.58,2025-08-03 15:59:59.999,93436104.065920,73710,318479.66,51472382.775120,0,318479.66,259834.91999999998,578314.58
2025-08-03 16:00:00,162.0100,162.2300,161.0300,162.0900,441727.69,2025-08-03 16:59:59.999,71386591.410800,57851,217971.51,35226860.512800,0,217971.51,223756.18,441727.69
2025-08-03 17:00:00,162.0900,162.6500,161.6200,162.0700,491685.82,2025-08-03 17:59:59.999,79680368.835480,70642,246732.18,39989071.688080,0,246732.18,244953.64,491685.82
2025-08-03 18:00:00,162.0700,162.1600,161.2000,161.8800,454566.95,2025-08-03 18:59:59.999,73485125.471200,61560,229206.06,37051257.246900,0,229206.06,225360.89,454566.95
2025-08-03 19:00:00,161.8900,162.5500,161.2600,161.5200,518344.3,2025-08-03 19:59:59.999,83904422.055000,65081,266885.47,43199415.351400,0,266885.47,251458.83000000002,518344.3
2025-08-03 20:00:00,161.5300,161.6300,160.6300,161.3400,435087.03,2025-08-03 20:59:59.999,70036753.287440,69749,215436.09,34680273.118300,0,215436.09,219650.94000000003,435087.03
2025-08-03 21:00:00,161.3400,162.1200,161.1200,161.9500,290695.48,2025-08-03 21:59:59.999,47015121.303100,54239,146263.36,23651352.733700,0,146263.36,144432.12,290695.48
2025-08-03 22:00:00,161.9400,162.3400,160.7600,161.8000,612261.42,2025-08-03 22:59:59.999,98782310.675320,66251,273414.81,44115430.236880,0,273414.81,338846.61000000004,612261.42
2025-08-03 23:00:00,161.8000,163.0700,161.5300,161.8400,799091.24,2025-08-03 23:59:59.999,129633839.941580,77828,420085.67,68143727.392680,0,420085.67,379005.57,799091.24
2025-08-04 00:00:00,161.8500,164.5500,161.3100,164.4100,1033050.16,2025-08-04 00:59:59.999,168583600.218180,115608,540881.11,88298413.166880,0,540881.11,492169.05000000005,1033050.16
2025-08-04 01:00:00,164.4200,164.8600,162.9600,163.2000,787309.35,2025-08-04 01:59:59.999,129041773.995100,110383,371644.12,60933751.886600,0,371644.12,415665.23,787309.35
2025-08-04 02:00:00,163.2000,164.2200,162.4800,164.1900,605697.52,2025-08-04 02:59:59.999,98869628.986800,89002,332864.37,54339951.497200,0,332864.37,272833.15,605697.52
2025-08-04 03:00:00,164.1900,164.2700,162.7500,162.8800,458685.82,2025-08-04 03:59:59.999,74954920.305200,65606,214147.9,34986947.689400,0,214147.9,244537.92,458685.82
2025-08-04 04:00:00,162.8800,163.3500,162.1000,162.2200,537693.89,2025-08-04 04:59:59.999,87437826.851780,78407,230345.52,37473991.358800,0,230345.52,307348.37,537693.89
2025-08-04 05:00:00,162.2100,162.3500,161.4100,162.1600,578749.99,2025-08-04 05:59:59.999,93724349.467040,72407,293715.48,47575650.322920,0,293715.48,285034.51,578749.99
2025-08-04 06:00:00,162.1600,162.3700,161.1600,162.1300,466736.98,2025-08-04 06:59:59.999,75462256.184300,71682,234472.11,37911760.285800,0,234472.11,232264.87,466736.98
2025-08-04 07:00:00,162.1300,163.2400,161.9600,162.9500,519985.97,2025-08-04 07:59:59.999,84547223.465300,69895,276450.59,44955314.198300,0,276450.59,243535.37999999995,519985.97
2025-08-04 08:00:00,162.9600,163.9900,162.5600,163.6700,692803.04,2025-08-04 08:59:59.999,113193710.219480,96470,343655.25,56153854.139080,0,343655.25,349147.79000000004,692803.04
2025-08-04 09:00:00,163.6700,163.9900,162.3400,162.3600,472214.12,2025-08-04 09:59:59.999,77064318.270400,73758,232309.74,37918535.396000,0,232309.74,239904.38,472214.12
2025-08-04 10:00:00,162.3600,162.9000,162.0300,162.2800,576344.68,2025-08-04 10:59:59.999,93597078.801380,65132,308799.76,50147705.938000,0,308799.76,267544.92000000004,576344.68
2025-08-04 11:00:00,162.2800,162.4800,161.5400,162.2700,511646.86,2025-08-04 11:59:59.999,82883193.284720,72764,252484.99,40907375.491300,0,252484.99,259161.87,511646.86
2025-08-04 12:00:00,162.2800,163.6000,162.0400,163.5800,604551.46,2025-08-04 12:59:59.999,98492803.436980,90108,321025.99,52302996.291080,0,321025.99,283525.47,604551.46
2025-08-04 13:00:00,163.5900,165.6900,163.1000,165.3800,1610671.3,2025-08-04 13:59:59.999,264936724.217550,179841,773001.85,127216196.490850,0,773001.85,837669.4500000001,1610671.3
2025-08-04 14:00:00,165.3800,166.8100,164.3700,164.9400,2332629.5,2025-08-04 14:59:59.999,387163034.058790,231823,1139483.88,189198746.341440,0,1139483.88,1193145.62,2332629.5
2025-08-04 15:00:00,164.9500,165.9300,164.4200,165.3900,948411.18,2025-08-04 15:59:59.999,156679468.721500,117368,472105.98,78008801.566700,0,472105.98,476305.20000000007,948411.18
2025-08-04 16:00:00,165.3800,168.1000,165.3600,167.9100,1370816.73,2025-08-04 16:59:59.999,228936983.919170,176678,742092.7,123934439.957670,0,742092.7,628724.03,1370816.73
2025-08-04 17:00:00,167.9100,169.7300,167.5300,167.7300,1816149.27,2025-08-04 17:59:59.999,306388055.201910,192009,950893.8,160437062.266830,0,950893.8,865255.47,1816149.27
2025-08-04 18:00:00,167.7200,168.0400,166.3400,166.5700,787321.11,2025-08-04 18:59:59.999,131562845.102800,95807,331547.1,55416455.813600,0,331547.1,455774.01,787321.11
2025-08-04 19:00:00,166.5600,166.5600,164.9200,165.5500,805350.92,2025-08-04 19:59:59.999,133447067.755660,105801,400659.78,66400878.740300,0,400659.78,404691.14,805350.92
2025-08-04 20:00:00,165.5600,168.3600,165.2100,167.1900,1293231.61,2025-08-04 20:59:59.999,215929698.586610,148179,734851.23,122669723.732410,0,734851.23,558380.3800000001,1293231.61
2025-08-04 21:00:00,167.1800,168.6800,167.1600,168.4500,604848.6,2025-08-04 21:59:59.999,101577402.111230,93325,319179.01,53616908.868730,0,319179.01,285669.58999999997,604848.6
2025-08-04 22:00:00,168.4500,169.5000,168.1600,169.4000,645686.43,2025-08-04 22:59:59.999,108971930.111500,83580,349599.7,59016427.085500,0,349599.7,296086.73000000004,645686.43
2025-08-04 23:00:00,169.3900,169.7000,168.8300,169.4600,761030.17,2025-08-04 23:59:59.999,128815664.761600,91651,365915.39,61948814.839700,0,365915.39,395114.78,761030.17
2025-08-05 00:00:00,169.4700,169.6900,168.4800,169.2200,818863.87,2025-08-05 00:59:59.999,138385457.608900,89173,328622.92,55544175.666300,0,328622.92,490240.95,818863.87
2025-08-05 01:00:00,169.2100,169.9400,168.0600,168.1600,644364.49,2025-08-05 01:59:59.999,108860733.862940,104827,275066.8,46495476.128400,0,275066.8,369297.69,644364.49
2025-08-05 02:00:00,168.1600,169.3800,167.8600,169.3400,502758.63,2025-08-05 02:59:59.999,84708999.947500,69358,258231.06,43533340.165400,0,258231.06,244527.57,502758.63
2025-08-05 03:00:00,169.3400,169.3600,167.4900,167.8400,703724.08,2025-08-05 03:59:59.999,118266073.026780,86470,247695.31,41629209.281500,0,247695.31,456028.76999999996,703724.08
2025-08-05 04:00:00,167.8500,168.4300,167.1300,167.3900,581956.79,2025-08-05 04:59:59.999,97569769.068200,78842,274633.28,46051593.327500,0,274633.28,307323.51,581956.79
2025-08-05 05:00:00,167.3900,168.4900,167.3000,168.3000,362403.53,2025-08-05 05:59:59.999,60831235.160100,63465,177307.99,29765096.098300,0,177307.99,185095.54000000004,362403.53
2025-08-05 06:00:00,168.3100,169.1900,167.1900,167.6100,598464.15,2025-08-05 06:59:59.999,100759965.441780,85256,285534.47,48078080.433800,0,285534.47,312929.68000000005,598464.15
2025-08-05 07:00:00,167.6000,168.4200,165.7000,166.1200,1103585.99,2025-08-05 07:59:59.999,183887657.928360,133291,508533.45,84752374.374700,0,508533.45,595052.54,1103585.99
2025-08-05 08:00:00,166.1100,167.1600,165.5500,166.7200,648159.29,2025-08-05 08:59:59.999,107851486.207500,83661,306831.07,51074865.925900,0,306831.07,341328.22000000003,648159.29
2025-08-05 09:00:00,166.7300,169.3200,166.6600,168.7800,741875.74,2025-08-05 09:59:59.999,124771963.909100,99975,390241.0,65617622.349100,0,390241.0,351634.74,741875.74
2025-08-05 10:00:00,168.7900,171.6600,168.3300,170.9700,1558563.24,2025-08-05 10:59:59.999,265372359.195160,173200,903309.45,153829993.504160,0,903309.45,655253.79,1558563.24
2025-08-05 11:00:00,170.9700,171.5800,170.4700,170.8100,767818.23,2025-08-05 11:59:59.999,131258741.764100,107344,392787.43,67156475.164100,0,392787.43,375030.8,767818.23
2025-08-05 12:00:00,170.8200,170.9700,166.6800,167.1100,2439546.77,2025-08-05 12:59:59.999,410990972.945650,236856,1089507.99,183471900.845200,0,1089507.99,1350038.78,2439546.77
2025-08-05 13:00:00,167.1200,168.0400,166.5100,167.6400,1409218.92,2025-08-05 13:59:59.999,235755421.525600,173490,746439.75,124915219.944100,0,746439.75,662779.1699999999,1409218.92
2025-08-05 14:00:00,167.6300,167.6900,163.5200,164.2100,3026526.4,2025-08-05 14:59:59.999,498791827.211360,314849,1319501.55,217368089.085160,0,1319501.55,1707024.8499999999,3026526.4
2025-08-05 15:00:00,164.2000,165.2300,162.9000,163.6800,1635348.98,2025-08-05 15:59:59.999,268127520.624030,186180,819395.12,134411887.199750,0,819395.12,815953.86,1635348.98
2025-08-05 16:00:00,163.6700,164.6500,162.6600,163.7500,1073720.69,2025-08-05 16:59:59.999,175782058.360200,146137,547120.36,89603145.757700,0,547120.36,526600.33,1073720.69
2025-08-05 17:00:00,163.7500,164.8400,163.2700,164.6900,627510.33,2025-08-05 17:59:59.999,102986337.919400,101565,329283.46,54049079.223800,0,329283.46,298226.86999999994,627510.33
2025-08-05 18:00:00,164.6900,164.8400,162.8800,163.9200,582046.46,2025-08-05 18:59:59.999,95387731.582300,100976,286782.3,47011444.016700,0,286782.3,295264.16,582046.46
2025-08-05 19:00:00,163.9200,164.4400,162.1600,162.6600,707061.53,2025-08-05 19:59:59.999,115394669.333280,109298,314702.98,51371456.479000,0,314702.98,392358.55000000005,707061.53
2025-08-05 20:00:00,162.6500,163.6100,162.2600,162.5300,487824.84,2025-08-05 20:59:59.999,79480931.335100,74058,240767.84,39233989.444400,0,240767.84,247057.00000000003,487824.84
2025-08-05 21:00:00,162.5300,163.3600,161.5000,162.2900,494715.01,2025-08-05 21:59:59.999,80412647.469000,66884,234274.47,38123949.618500,0,234274.47,260440.54,494715.01
2025-08-05 22:00:00,162.2800,163.7800,161.1700,163.7600,654166.91,2025-08-05 22:59:59.999,106315859.341480,105442,318101.94,51720951.554280,0,318101.94,336064.97000000003,654166.91
2025-08-05 23:00:00,163.7700,164.4300,163.5000,163.9900,496222.95,2025-08-05 23:59:59.999,81405496.939300,76039,236854.94,38860164.387000,0,236854.94,259368.01,496222.95
2025-08-06 00:00:00,163.9900,164.0600,162.4300,162.6500,491963.95,2025-08-06 00:59:59.999,80337030.673100,84492,215474.76,35189974.577700,0,215474.76,276489.19,491963.95
2025-08-06 01:00:00,162.6500,163.0200,161.6200,162.7500,632129.45,2025-08-06 01:59:59.999,102601828.841280,93761,336781.82,54674394.863800,0,336781.82,295347.62999999995,632129.45
2025-08-06 02:00:00,162.7500,163.2200,161.7800,162.5900,346084.03,2025-08-06 02:59:59.999,56295802.924600,71234,173195.0,28179021.491200,0,173195.0,172889.03000000003,346084.03
2025-08-06 03:00:00,162.5900,162.7100,161.0400,161.7600,553651.74,2025-08-06 03:59:59.999,89566206.570100,89911,231818.68,37505632.056000,0,231818.68,321833.06,553651.74
2025-08-06 04:00:00,161.7600,162.4900,161.1500,162.3600,451021.61,2025-08-06 04:59:59.999,73001376.195300,67142,209025.44,33830071.326400,0,209025.44,241996.16999999998,451021.61
2025-08-06 05:00:00,162.3600,164.7100,162.0500,164.1500,1020423.59,2025-08-06 05:59:59.999,167148045.714380,135014,536801.85,87910168.280680,0,536801.85,483621.74,1020423.59
2025-08-06 06:00:00,164.1600,164.2100,163.3000,163.8200,444251.32,2025-08-06 06:59:59.999,72749318.765400,74668,202267.73,33122334.980200,0,202267.73,241983.59,444251.32
2025-08-06 07:00:00,163.8200,164.5300,163.5300,164.1600,384861.36,2025-08-06 07:59:59.999,63160062.296900,57513,203507.52,33403304.748400,0,203507.52,181353.84,384861.36
2025-08-06 08:00:00,164.1600,164.4200,162.6300,163.2200,609504.31,2025-08-06 08:59:59.999,99574899.456600,98873,276875.36,45232224.262900,0,276875.36,332628.95000000007,609504.31
2025-08-06 09:00:00,163.2200,164.4800,162.8500,163.9100,605052.68,2025-08-06 09:59:59.999,99151220.065600,88128,291192.18,47720374.021800,0,291192.18,313860.50000000006,605052.68
2025-08-06 10:00:00,163.9000,164.0800,162.8000,163.5600,488484.09,2025-08-06 10:59:59.999,79838814.532400,84424,227959.59,37256562.302400,0,227959.59,260524.50000000003,488484.09
2025-08-06 11:00:00,163.5600,164.5600,163.1500,164.1000,437146.79,2025-08-06 11:59:59.999,71691783.974000,75881,212310.6,34822588.241700,0,212310.6,224836.18999999997,437146.79
2025-08-06 12:00:00,164.1000,164.6200,162.5000,163.2100,833063.29,2025-08-06 12:59:59.999,136219200.911500,130251,387497.86,63362557.594800,0,387497.86,445565.43000000005,833063.29
2025-08-06 13:00:00,163.2100,164.6300,163.0300,164.1800,1336202.17,2025-08-06 13:59:59.999,219076256.957100,143308,713205.73,116960925.132300,0,713205.73,622996.44,1336202.17
2025-08-06 14:00:00,164.1800,167.9600,163.8600,167.7900,2202153.79,2025-08-06 14:59:59.999,365062881.207440,293054,1221568.81,202595354.394960,0,1221568.81,980584.98,2202153.79
2025-08-06 15:00:00,167.8000,169.4700,167.1300,168.9600,1760194.57,2025-08-06 15:59:59.999,295828950.945680,214701,884830.02,148769669.801580,0,884830.02,875364.55,1760194.57
2025-08-06 16:00:00,168.9600,169.4500,167.2000,167.6600,1069963.45,2025-08-06 16:59:59.999,179998509.873380,125839,443952.19,74672210.428400,0,443952.19,626011.26,1069963.45
2025-08-06 17:00:00,167.6600,169.0800,167.0800,169.0800,635653.17,2025-08-06 17:59:59.999,106860430.247200,91771,353831.4,59485624.605000,0,353831.4,281821.77,635653.17
2025-08-06 18:00:00,169.0700,169.8800,168.2800,168.4600,957274.04,2025-08-06 18:59:59.999,161840606.989300,155952,437109.24,73905942.943600,0,437109.24,520164.80000000005,957274.04
2025-08-06 19:00:00,168.4500,169.0400,167.8700,168.7300,643587.2,2025-08-06 19:59:59.999,108417518.107400,74886,343037.54,57800272.007800,0,343037.54,300549.66,643587.2
2025-08-06 20:00:00,168.7400,168.7900,167.6900,167.9200,351271.36,2025-08-06 20:59:59.999,59073211.183400,50773,144475.63,24300402.809100,0,144475.63,206795.72999999998,351271.36
2025-08-06 21:00:00,167.9200,168.5400,167.2500,167.9900,332514.26,2025-08-06 21:59:59.999,55843093.369380,50792,164169.16,27574161.143700,0,164169.16,168345.1,332514.26
2025-08-06 22:00:00,167.9900,168.4600,167.7400,168.3300,228513.15,2025-08-06 22:59:59.999,38431452.697100,40398,110023.69,18503508.394400,0,110023.69,118489.45999999999,228513.15
2025-08-06 23:00:00,168.3200,168.3700,167.8400,168.0300,262897.05,2025-08-06 23:59:59.999,44188206.889100,35605,95634.22,16073543.244800,0,95634.22,167262.83,262897.05
2025-08-07 00:00:00,168.0400,168.3700,167.4100,167.8200,390636.33,2025-08-07 00:59:59.999,65593509.850700,52807,184301.84,30955511.501300,0,184301.84,206334.49000000002,390636.33
2025-08-07 01:00:00,167.8200,168.9500,167.6300,167.7800,550071.64,2025-08-07 01:59:59.999,92592439.371700,71230,288927.14,48642970.734600,0,288927.14,261144.5,550071.64
2025-08-07 02:00:00,167.7900,167.9600,166.6700,167.0100,618312.64,2025-08-07 02:59:59.999,103462949.738030,89977,259451.69,43428811.646900,0,259451.69,358860.95,618312.64
2025-08-07 03:00:00,167.0000,167.3900,166.6100,166.8000,391981.79,2025-08-07 03:59:59.999,65441147.737100,46493,212917.86,35551238.283100,0,212917.86,179063.93,391981.79
2025-08-07 04:00:00,166.8100,167.5500,166.6900,167.0500,294746.74,2025-08-07 04:59:59.999,49259814.710800,41571,148002.72,24742277.953700,0,148002.72,146744.02,294746.74
2025-08-07 05:00:00,167.0500,168.6900,166.8200,168.6600,368348.01,2025-08-07 05:59:59.999,61800893.550030,75700,195354.78,32774067.300930,0,195354.78,172993.23,368348.01
2025-08-07 06:00:00,168.6500,169.6200,168.4900,169.1100,736733.51,2025-08-07 06:59:59.999,124558556.709100,86882,382734.56,64719777.859200,0,382734.56,353998.95,736733.51
2025-08-07 07:00:00,169.1200,170.3700,169.0600,169.9200,724339.41,2025-08-07 07:59:59.999,123035766.729440,99656,373930.03,63519320.885040,0,373930.03,350409.38,724339.41
2025-08-07 08:00:00,169.9100,170.4800,169.1400,169.3100,602907.36,2025-08-07 08:59:59.999,102371389.916900,77373,284973.69,48400852.004900,0,284973.69,317933.67,602907.36
2025-08-07 09:00:00,169.3200,169.6900,169.0000,169.5700,435079.51,2025-08-07 09:59:59.999,73678535.720800,59127,206584.85,34987286.357100,0,206584.85,228494.66,435079.51
2025-08-07 10:00:00,169.5700,173.3100,169.3400,173.0600,2547152.64,2025-08-07 10:59:59.999,437677916.749350,262249,1390144.53,238733321.130950,0,1390144.53,1157008.11,2547152.64
2025-08-07 11:00:00,173.0600,173.4300,172.5000,172.7500,1145712.82,2025-08-07 11:59:59.999,198139272.050700,115341,534914.92,92523366.127900,0,534914.92,610797.9,1145712.82
2025-08-07 12:00:00,172.7600,173.1200,171.4000,172.3500,1312385.29,2025-08-07 12:59:59.999,226029957.618020,121775,530465.63,91364764.172500,0,530465.63,781919.66,1312385.29
2025-08-07 13:00:00,172.3500,172.5700,171.1600,171.6000,996694.74,2025-08-07 13:59:59.999,171389003.535300,128379,452839.36,77887823.632300,0,452839.36,543855.38,996694.74
2025-08-07 14:00:00,171.6100,171.6800,169.8300,170.2100,1269123.03,2025-08-07 14:59:59.999,216441973.247240,152676,642352.78,109566120.387800,0,642352.78,626770.25,1269123.03
2025-08-07 15:00:00,170.2100,170.7700,169.6000,170.3800,948306.68,2025-08-07 15:59:59.999,161442286.421000,96810,468236.08,79728747.357500,0,468236.08,480070.60000000003,948306.68
2025-08-07 16:00:00,170.3900,170.5100,166.9300,168.1400,1633277.15,2025-08-07 16:59:59.999,275461018.667060,211492,685949.24,115667484.571800,0,685949.24,947327.9099999999,1633277.15
2025-08-07 17:00:00,168.1300,169.4600,167.8700,169.3400,818427.66,2025-08-07 17:59:59.999,138085727.472100,107826,460881.19,77765462.267100,0,460881.19,357546.47000000003,818427.66
2025-08-07 18:00:00,169.3300,169.9000,168.6900,169.7400,521557.11,2025-08-07 18:59:59.999,88285992.318100,65807,250918.43,42482205.650400,0,250918.43,270638.68,521557.11
2025-08-07 19:00:00,169.7300,171.8200,169.6900,171.6600,977719.25,2025-08-07 19:59:59.999,166999494.819840,137027,575761.95,98341837.315940,0,575761.95,401957.30000000005,977719.25
2025-08-07 20:00:00,171.6600,173.1100,171.4400,172.8800,968953.68,2025-08-07 20:59:59.999,167087067.316940,128897,489469.52,84419306.270440,0,489469.52,479484.16000000003,968953.68
2025-08-07 21:00:00,172.8800,174.1600,172.4400,173.4800,830896.57,2025-08-07 21:59:59.999,144060113.351480,105439,458785.07,79557827.842880,0,458785.07,372111.49999999994,830896.57
2025-08-07 22:00:00,173.4800,175.1100,173.4700,175.0100,921736.82,2025-08-07 22:59:59.999,160640053.543490,125387,498965.92,86993467.232090,0,498965.92,422770.89999999997,921736.82
2025-08-07 23:00:00,175.0200,175.4500,174.3100,175.2600,584822.94,2025-08-07 23:59:59.999,102259022.222100,75123,288841.67,50521357.819100,0,288841.67,295981.26999999996,584822.94
2025-08-08 00:00:00,175.2700,175.5000,173.5500,174.2200,1620903.36,2025-08-08 00:59:59.999,282831552.391400,179667,660840.19,115315201.057200,0,660840.19,960063.1700000002,1620903.36
2025-08-08 01:00:00,174.2100,174.7900,173.3600,174.4500,1198295.99,2025-08-08 01:59:59.999,208526424.212200,156791,565769.31,98458722.498400,0,565769.31,632526.6799999999,1198295.99
2025-08-08 02:00:00,174.4500,175.2000,173.7700,174.7200,577004.24,2025-08-08 02:59:59.999,100668201.139300,77752,298595.86,52113554.198500,0,298595.86,278408.38,577004.24
2025-08-08 03:00:00,174.7300,175.8800,174.3800,174.6300,766132.92,2025-08-08 03:59:59.999,134184907.831590,89558,365623.38,64046767.702800,0,365623.38,400509.54000000004,766132.92
2025-08-08 04:00:00,174.6300,175.1300,173.7600,174.2600,578344.18,2025-08-08 04:59:59.999,100920609.742800,67510,235026.04,41017264.510600,0,235026.04,343318.14,578344.18
2025-08-08 05:00:00,174.2600,174.6900,173.9900,174.0900,413972.93,2025-08-08 05:59:59.999,72170518.901600,58933,165387.32,28833145.610100,0,165387.32,248585.61,413972.93
2025-08-08 06:00:00,174.1000,175.0300,173.7600,174.9900,430392.9,2025-08-08 06:59:59.999,75048990.222000,67543,216207.09,37713613.069500,0,216207.09,214185.81000000003,430392.9
2025-08-08 07:00:00,174.9800,177.7700,174.2200,177.0500,1129545.43,2025-08-08 07:59:59.999,199201104.346800,142672,667570.58,117717816.580500,0,667570.58,461974.85,1129545.43
2025-08-08 08:00:00,177.0400,177.7400,174.7800,175.2900,1255500.88,2025-08-08 08:59:59.999,221159077.542700,158254,550991.62,97051785.121600,0,550991.62,704509.2599999999,1255500.88
2025-08-08 09:00:00,175.2800,176.0600,174.9100,175.9600,513804.23,2025-08-08 09:59:59.999,90151033.160800,80935,267740.5,46990464.373400,0,267740.5,246063.72999999998,513804.23
2025-08-08 10:00:00,175.9500,177.0000,175.6300,176.5700,569354.42,2025-08-08 10:59:59.999,100378042.133300,79222,299970.09,52894529.715500,0,299970.09,269384.33,569354.42
2025-08-08 11:00:00,176.5800,177.9100,176.4800,177.5600,617209.11,2025-08-08 11:59:59.999,109452134.197860,87213,281704.74,49948827.416860,0,281704.74,335504.37,617209.11
2025-08-08 12:00:00,177.5600,177.5600,176.0300,176.3700,783571.79,2025-08-08 12:59:59.999,138396709.111400,90230,306937.96,54198177.643800,0,306937.96,476633.83,783571.79
2025-08-08 13:00:00,176.3600,178.7200,175.3800,178.5400,1662200.29,2025-08-08 13:59:59.999,294096421.510590,211212,828142.59,146643578.904190,0,828142.59,834057.7000000001,1662200.29
2025-08-08 14:00:00,178.5500,179.0400,175.3200,176.4000,2379401.41,2025-08-08 14:59:59.999,421078682.535220,233335,1169843.7,207081227.726700,0,1169843.7,1209557.7100000002,2379401.41
2025-08-08 15:00:00,176.4100,176.5900,174.1200,175.1500,1469862.91,2025-08-08 15:59:59.999,257262622.388490,167438,739113.73,129385567.319900,0,739113.73,730749.1799999999,1469862.91
2025-08-08 16:00:00,175.1500,176.2700,175.1300,175.8200,816717.75,2025-08-08 16:59:59.999,143476941.699800,115246,399591.56,70209928.130500,0,399591.56,417126.19,816717.75
2025-08-08 17:00:00,175.8100,179.3000,175.4700,179.2900,1407104.34,2025-08-08 17:59:59.999,249890908.911830,164225,719601.87,127818243.314730,0,719601.87,687502.4700000001,1407104.34
2025-08-08 18:00:00,179.3000,179.6100,177.1400,177.5300,1831795.01,2025-08-08 18:59:59.999,326906401.316000,192074,844500.51,150744165.038980,0,844500.51,987294.5,1831795.01
2025-08-08 19:00:00,177.5200,178.4300,177.3200,178.4200,617387.4,2025-08-08 19:59:59.999,109793261.072200,87027,317789.67,56522109.229700,0,317789.67,299597.73000000004,617387.4
2025-08-08 20:00:00,178.4100,178.7000,177.1300,178.1600,466861.24,2025-08-08 20:59:59.999,83000085.578900,63579,242773.69,43170181.795600,0,242773.69,224087.55,466861.24
2025-08-08 21:00:00,178.1600,178.5600,177.3400,177.5200,362060.23,2025-08-08 21:59:59.999,64420831.611800,47021,186077.98,33113288.162800,0,186077.98,175982.24999999997,362060.23
2025-08-08 22:00:00,177.5100,177.9900,176.9500,177.5500,384298.07,2025-08-08 22:59:59.999,68234489.914800,53137,173906.2,30884106.117000,0,173906.2,210391.87,384298.07
2025-08-08 23:00:00,177.5400,177.8300,176.5100,176.7000,391790.0,2025-08-08 23:59:59.999,69346385.146000,47579,174343.32,30864796.324300,0,174343.32,217446.68,391790.0
2025-08-09 00:00:00,176.6900,177.1400,176.5300,176.8500,276616.57,2025-08-09 00:59:59.999,48917396.090800,49509,140761.45,24894461.876300,0,140761.45,135855.12,276616.57
2025-08-09 01:00:00,176.8500,178.9600,176.5600,178.6000,625472.21,2025-08-09 01:59:59.999,111195802.517070,69635,396262.36,70451714.978470,0,396262.36,229209.84999999998,625472.21
2025-08-09 02:00:00,178.6000,178.6400,177.4800,177.4800,397765.48,2025-08-09 02:59:59.999,70778578.074700,55948,153042.61,27243103.432300,0,153042.61,244722.87,397765.48
2025-08-09 03:00:00,177.4800,177.6800,176.9300,177.1600,328870.6,2025-08-09 03:59:59.999,58288752.229980,47574,143856.98,25499866.575300,0,143856.98,185013.61999999997,328870.6
2025-08-09 04:00:00,177.1600,178.8400,176.8200,178.5900,759021.21,2025-08-09 04:59:59.999,134953247.693770,71964,438887.69,78051240.349470,0,438887.69,320133.51999999996,759021.21
2025-08-09 05:00:00,178.5900,182.1000,178.1500,180.7800,2420716.78,2025-08-09 05:59:59.999,437412092.689170,246656,1187458.31,214483912.272570,0,1187458.31,1233258.4699999997,2420716.78
2025-08-09 06:00:00,180.7900,180.8700,179.2100,179.5200,984543.01,2025-08-09 06:59:59.999,177153621.401340,115286,416398.11,74926176.866400,0,416398.11,568144.9,984543.01
2025-08-09 07:00:00,179.5100,180.6600,179.3500,180.5400,595126.03,2025-08-09 07:59:59.999,107266048.233000,64258,328922.98,59277700.695700,0,328922.98,266203.05000000005,595126.03
2025-08-09 08:00:00,180.5400,181.6300,180.3100,181.3100,653748.78,2025-08-09 08:59:59.999,118290518.083220,92179,315154.54,57033996.616420,0,315154.54,338594.24000000005,653748.78
2025-08-09 09:00:00,181.3100,182.6800,181.0100,182.1800,816085.33,2025-08-09 09:59:59.999,148470492.087500,108465,416140.37,75728037.999800,0,416140.37,399944.95999999996,816085.33
2025-08-09 10:00:00,182.1800,183.2600,181.7100,181.8200,1081005.41,2025-08-09 10:59:59.999,197334880.575200,113319,458402.2,83695360.877300,0,458402.2,622603.21,1081005.41
2025-08-09 11:00:00,181.8200,181.9400,180.5700,180.6900,666713.74,2025-08-09 11:59:59.999,120823761.851900,92486,277953.18,50385245.475100,0,277953.18,388760.56,666713.74
2025-08-09 12:00:00,180.6900,182.1100,180.2600,182.1100,750355.35,2025-08-09 12:59:59.999,136007536.803600,77731,415314.1,75289101.158600,0,415314.1,335041.25,750355.35
2025-08-09 13:00:00,182.1000,182.4100,179.6900,179.7200,1007908.59,2025-08-09 13:59:59.999,182204056.609660,118873,378364.81,68426720.238200,0,378364.81,629543.78,1007908.59
2025-08-09 14:00:00,179.7300,181.1500,178.7900,181.0700,1049496.15,2025-08-09 14:59:59.999,188952520.290080,102213,542284.96,97707712.445900,0,542284.96,507211.18999999994,1049496.15
2025-08-09 15:00:00,181.0700,181.6000,179.6700,180.0100,880923.31,2025-08-09 15:59:59.999,159045953.812700,103686,418925.36,75655224.893900,0,418925.36,461997.95000000007,880923.31
2025-08-09 16:00:00,180.0100,180.7600,179.3500,179.5800,678842.11,2025-08-09 16:59:59.999,122246285.848380,82408,283900.93,51139319.679300,0,283900.93,394941.18,678842.11
2025-08-09 17:00:00,179.5700,181.9000,179.5300,181.5300,679702.39,2025-08-09 17:59:59.999,122939361.909200,80378,395875.56,71619782.146700,0,395875.56,283826.83,679702.39
2025-08-09 18:00:00,181.5200,182.1700,181.1700,181.8500,525281.91,2025-08-09 18:59:59.999,95431984.067300,81544,241483.38,43886375.798100,0,241483.38,283798.53,525281.91
2025-08-09 19:00:00,181.8400,182.6500,181.3700,182.0600,509002.39,2025-08-09 19:59:59.999,92630684.917600,69288,259873.08,47304785.612000,0,259873.08,249129.31000000003,509002.39
2025-08-09 20:00:00,182.0700,183.4900,181.3700,183.0000,869417.84,2025-08-09 20:59:59.999,158637477.741050,90514,471165.24,86006846.698950,0,471165.24,398252.6,869417.84
2025-08-09 21:00:00,183.0100,183.2900,180.5600,181.1700,784663.86,2025-08-09 21:59:59.999,142539774.071500,87444,364116.45,66143246.022400,0,364116.45,420547.41,784663.86
2025-08-09 22:00:00,181.1600,182.4000,179.7900,180.0400,888764.6,2025-08-09 22:59:59.999,160899698.064190,113778,398314.83,72151703.626200,0,398314.83,490449.76999999996,888764.6
2025-08-09 23:00:00,180.0400,180.3900,179.6100,179.8500,558131.93,2025-08-09 23:59:59.999,100450415.440200,64920,263113.46,47364204.038500,0,263113.46,295018.47000000003,558131.93
2025-08-10 00:00:00,179.8600,182.7800,179.7300,182.3700,736819.74,2025-08-10 00:59:59.999,133765847.364570,105623,382294.9,69386933.506470,0,382294.9,354524.83999999997,736819.74
2025-08-10 01:00:00,182.3700,184.5900,181.5600,184.4200,1545517.34,2025-08-10 01:59:59.999,283456372.824490,169999,819259.52,150288251.337590,0,819259.52,726257.8200000001,1545517.34
2025-08-10 02:00:00,184.4100,185.0000,182.8600,183.2100,1174958.26,2025-08-10 02:59:59.999,216255384.028480,134612,537478.29,98915361.333700,0,537478.29,637479.97,1174958.26
2025-08-10 03:00:00,183.2000,185.9500,183.2000,184.9000,1629712.46,2025-08-10 03:59:59.999,301429248.547880,192228,933099.82,172632861.582880,0,933099.82,696612.64,1629712.46
2025-08-10 04:00:00,184.9100,186.1300,184.3100,184.9800,842021.48,2025-08-10 04:59:59.999,156077780.079650,104270,401334.27,74384442.495380,0,401334.27,440687.20999999996,842021.48
2025-08-10 05:00:00,184.9800,185.1400,181.5600,181.9300,1618972.31,2025-08-10 05:59:59.999,296245023.606460,177394,696908.58,127465284.516100,0,696908.58,922063.7300000001,1618972.31
2025-08-10 06:00:00,181.9300,182.3100,180.1600,181.0000,1070558.41,2025-08-10 06:59:59.999,193767842.808390,130689,508840.16,92131920.414400,0,508840.16,561718.25,1070558.41
2025-08-10 07:00:00,181.0100,181.4700,177.6900,178.8600,1905733.25,2025-08-10 07:59:59.999,341694448.817290,188295,812842.24,145815318.116180,0,812842.24,1092891.01,1905733.25
2025-08-10 08:00:00,178.8700,180.6700,177.4200,180.3200,1351712.53,2025-08-10 08:59:59.999,241918599.697400,178060,691834.22,123873437.672040,0,691834.22,659878.31,1351712.53
2025-08-10 09:00:00,180.3300,180.9800,179.9700,180.3600,494796.87,2025-08-10 09:59:59.999,89289850.184500,90437,252868.31,45645498.410300,0,252868.31,241928.56,494796.87
2025-08-10 10:00:00,180.3600,180.5500,178.7200,179.4300,844103.77,2025-08-10 10:59:59.999,151688935.140900,117082,358451.07,64423900.409400,0,358451.07,485652.7,844103.77
2025-08-10 11:00:00,179.4200,180.6900,178.6400,179.9000,864777.32,2025-08-10 11:59:59.999,155445633.603590,111020,463437.33,83326617.252320,0,463437.33,401339.98999999993,864777.32
2025-08-10 12:00:00,179.9000,180.2900,179.0700,179.4600,521992.17,2025-08-10 12:59:59.999,93742238.267500,73511,245816.13,44147505.222700,0,245816.13,276176.04,521992.17
2025-08-10 13:00:00,179.4600,180.2700,178.7700,178.7700,660070.7,2025-08-10 13:59:59.999,118531070.526300,89831,314547.21,56505645.449900,0,314547.21,345523.48999999993,660070.7
2025-08-10 14:00:00,178.7800,182.3000,178.4400,181.4500,1421973.81,2025-08-10 14:59:59.999,256965928.690130,170094,756842.57,136798105.301160,0,756842.57,665131.2400000001,1421973.81
2025-08-10 15:00:00,181.4400,182.3400,181.0400,181.4600,794304.14,2025-08-10 15:59:59.999,144261849.989800,97301,327383.17,59471000.702100,0,327383.17,466920.97000000003,794304.14
2025-08-10 16:00:00,181.4600,182.2100,181.1400,182.1900,465840.16,2025-08-10 16:59:59.999,84677224.220800,67049,225931.88,41067713.715900,0,225931.88,239908.27999999997,465840.16
2025-08-10 17:00:00,182.1900,182.4000,181.2600,181.6100,462515.26,2025-08-10 17:59:59.999,84076507.472100,60504,188366.43,34243663.912500,0,188366.43,274148.83,462515.26
2025-08-10 18:00:00,181.6000,182.9000,181.5700,182.6500,491470.0,2025-08-10 18:59:59.999,89610293.930120,55030,252381.79,46023318.924320,0,252381.79,239088.21,491470.0
2025-08-10 19:00:00,182.6500,183.3100,182.2600,182.7300,444583.37,2025-08-10 19:59:59.999,81265295.421020,52052,240060.31,43890499.221120,0,240060.31,204523.06,444583.37
2025-08-10 20:00:00,182.7300,183.3100,181.2000,182.6500,1422115.94,2025-08-10 20:59:59.999,259065185.032280,113508,696206.87,126850919.627680,0,696206.87,725909.07,1422115.94
2025-08-10 21:00:00,182.6500,183.8600,181.3000,183.4000,1127321.08,2025-08-10 21:59:59.999,206186236.780230,136759,527789.68,96541725.756530,0,527789.68,599531.4,1127321.08
2025-08-10 22:00:00,183.4000,183.6200,182.5200,183.0200,498530.07,2025-08-10 22:59:59.999,91267700.183500,69486,225436.17,41266494.320000,0,225436.17,273093.9,498530.07
2025-08-10 23:00:00,183.0300,183.5000,182.0000,182.5900,460829.01,2025-08-10 23:59:59.999,84193781.616700,65998,238021.07,43491334.415900,0,238021.07,222807.94,460829.01
2025-08-11 00:00:00,182.5800,183.1200,181.3700,181.4100,837422.16,2025-08-11 00:59:59.999,152635873.199800,113962,402177.3,73320959.005700,0,402177.3,435244.86000000004,837422.16
2025-08-11 01:00:00,181.4200,183.8100,181.1600,183.6300,982117.11,2025-08-11 01:59:59.999,179607238.900780,121478,477349.65,87346039.379580,0,477349.65,504767.45999999996,982117.11
2025-08-11 02:00:00,183.6300,185.7300,183.4900,185.1800,1651409.76,2025-08-11 02:59:59.999,305165655.845320,211237,893503.04,165110789.098520,0,893503.04,757906.72,1651409.76
2025-08-11 03:00:00,185.1800,185.5500,183.8000,185.0900,1207210.96,2025-08-11 03:59:59.999,223021504.524500,142079,610567.29,112824132.549200,0,610567.29,596643.6699999999,1207210.96
2025-08-11 04:00:00,185.0900,186.4000,185.0500,185.8000,902060.17,2025-08-11 04:59:59.999,167671332.838260,131358,479075.25,89045013.352080,0,479075.25,422984.92000000004,902060.17
2025-08-11 05:00:00,185.8000,186.7600,184.8100,185.2700,1094699.37,2025-08-11 05:59:59.999,203352375.610400,115682,524017.79,97384517.300300,0,524017.79,570681.5800000001,1094699.37
2025-08-11 06:00:00,185.2700,185.5600,184.3400,184.7500,573065.13,2025-08-11 06:59:59.999,105964944.659960,101697,299437.51,55380698.556600,0,299437.51,273627.62,573065.13
2025-08-11 07:00:00,184.7500,184.8700,182.7210,182.9200,990158.27,2025-08-11 07:59:59.999,181883372.464350,119969,385644.27,70834960.698900,0,385644.27,604514.0,990158.27
2025-08-11 08:00:00,182.9200,184.6300,182.0300,184.2000,1055181.23,2025-08-11 08:59:59.999,193461797.141580,140483,524900.94,96252931.743720,0,524900.94,530280.29,1055181.23
2025-08-11 09:00:00,184.1900,184.2700,182.7500,183.0700,657233.76,2025-08-11 09:59:59.999,120566772.377380,103878,286835.7,52626287.081800,0,286835.7,370398.06,657233.76
2025-08-11 10:00:00,183.0800,183.1600,181.5300,181.8200,951910.22,2025-08-11 10:59:59.999,173487820.168800,114182,400078.73,72945822.301600,0,400078.73,551831.49,951910.22
2025-08-11 11:00:00,181.8300,182.0800,178.2300,178.9900,2571612.01,2025-08-11 11:59:59.999,462078539.207840,276520,1125472.13,202109172.747800,0,1125472.13,1446139.88,2571612.01
2025-08-11 12:00:00,178.9800,179.4900,177.6900,178.7200,1411705.09,2025-08-11 12:59:59.999,252210139.790060,183897,628216.81,112267380.996500,0,628216.81,783488.28,1411705.09
2025-08-11 13:00:00,178.7200,179.9700,177.1400,179.5200,2390374.46,2025-08-11 13:59:59.999,426969160.458190,218759,1214599.79,217038771.010050,0,1214599.79,1175774.67,2390374.46
2025-08-11 14:00:00,179.5300,180.4500,178.2800,178.6700,1689545.22,2025-08-11 14:59:59.999,302937478.252180,173780,802782.15,144001579.895110,0,802782.15,886763.07,1689545.22
2025-08-11 15:00:00,178.6800,180.1100,177.5300,180.1100,1284202.54,2025-08-11 15:59:59.999,229527044.394740,152191,588060.04,105195545.418780,0,588060.04,696142.5,1284202.54
2025-08-11 16:00:00,180.1000,181.7000,178.2500,178.9400,1755219.31,2025-08-11 16:59:59.999,316145180.871970,197095,808723.64,145723311.441860,0,808723.64,946495.67,1755219.31
2025-08-11 17:00:00,178.9300,179.4700,177.9500,178.1000,921400.6,2025-08-11 17:59:59.999,164538239.461600,104053,373491.73,66732657.146600,0,373491.73,547908.87,921400.6
2025-08-11 18:00:00,178.1100,178.2800,176.5300,178.1300,1192280.22,2025-08-11 18:59:59.999,211598524.285300,137522,499779.67,88733530.868800,0,499779.67,692500.55,1192280.22
2025-08-11 19:00:00,178.1300,178.2200,175.4500,176.5400,1171474.37,2025-08-11 19:59:59.999,206932351.326560,130195,501791.0,88692547.327300,0,501791.0,669683.3700000001,1171474.37
2025-08-11 20:00:00,176.5500,176.8000,175.6100,176.0700,746501.49,2025-08-11 20:59:59.999,131516809.815800,83456,337970.93,59549454.311200,0,337970.93,408530.56,746501.49
2025-08-11 21:00:00,176.0700,176.4200,173.7800,174.9700,1274474.26,2025-08-11 21:59:59.999,222925350.348190,129194,481772.13,84298974.533200,0,481772.13,792702.13,1274474.26
2025-08-11 22:00:00,174.9600,175.0700,173.3400,174.5900,988118.35,2025-08-11 22:59:59.999,172044845.367200,97302,470399.42,81902122.421300,0,470399.42,517718.93,988118.35
2025-08-11 23:00:00,174.6000,175.0300,174.4000,174.7500,430019.13,2025-08-11 23:59:59.999,75163038.783200,54683,221760.87,38762001.979500,0,221760.87,208258.26,430019.13
2025-08-12 00:00:00,174.7400,175.8600,174.5500,175.6000,787172.96,2025-08-12 00:59:59.999,137932291.161100,86063,477467.22,83668737.336700,0,477467.22,309705.74,787172.96
2025-08-12 01:00:00,175.5900,176.3200,174.8500,176.0000,619060.36,2025-08-12 01:59:59.999,108778967.848000,93175,355445.38,62464178.148400,0,355445.38,263614.98,619060.36
2025-08-12 02:00:00,176.0100,176.6700,175.4400,176.0900,483379.96,2025-08-12 02:59:59.999,85115478.285160,68482,236829.48,41720680.838760,0,236829.48,246550.48,483379.96
2025-08-12 03:00:00,176.0800,176.1800,175.2900,175.4700,514864.05,2025-08-12 03:59:59.999,90459910.779500,66136,210847.87,37042925.826600,0,210847.87,304016.18,514864.05
2025-08-12 04:00:00,175.4700,176.5700,175.2100,176.1900,628416.85,2025-08-12 04:59:59.999,110566373.622500,69617,305911.81,53821147.369200,0,305911.81,322505.04,628416.85
2025-08-12 05:00:00,176.1900,176.1900,173.8600,174.7600,923571.7,2025-08-12 05:59:59.999,161365806.139910,115614,373943.79,65323565.424100,0,373943.79,549627.9099999999,923571.7
2025-08-12 06:00:00,174.7500,175.2900,173.4900,174.5100,690357.86,2025-08-12 06:59:59.999,120491185.780100,80625,329696.48,57560478.356500,0,329696.48,360661.38,690357.86
2025-08-12 07:00:00,174.5100,175.9800,174.5100,175.8100,563771.86,2025-08-12 07:59:59.999,98966865.533900,74395,290821.16,51051815.568100,0,290821.16,272950.7,563771.86
2025-08-12 08:00:00,175.8200,176.4100,175.2300,175.6300,517645.82,2025-08-12 08:59:59.999,90999503.175170,74102,253435.35,44569641.059170,0,253435.35,264210.47,517645.82
2025-08-12 09:00:00,175.6400,175.6500,174.2600,174.4500,759764.95,2025-08-12 09:59:59.999,132851591.886610,87432,365374.3,63894292.212900,0,365374.3,394390.64999999997,759764.95
2025-08-12 10:00:00,174.4400,175.0100,173.7500,174.6900,630283.74,2025-08-12 10:59:59.999,109890673.007200,83907,297570.74,51897221.472700,0,297570.74,332713.0,630283.74
2025-08-12 11:00:00,174.6800,175.2700,173.6000,175.1400,551982.01,2025-08-12 11:59:59.999,96323516.455100,77095,263224.33,45939786.158600,0,263224.33,288757.68,551982.01
2025-08-12 12:00:00,175.1300,178.6500,174.6400,177.8600,2664405.98,2025-08-12 12:59:59.999,472425626.827160,214420,1434390.01,254361540.600960,0,1434390.01,1230015.97,2664405.98
2025-08-12 13:00:00,177.8600,178.4600,175.8400,176.4400,2212171.43,2025-08-12 13:59:59.999,391939960.316140,216288,1036084.01,183618095.782320,0,1036084.01,1176087.4200000002,2212171.43
2025-08-12 14:00:00,176.4400,179.6600,176.1400,179.5100,1395398.97,2025-08-12 14:59:59.999,248737644.750170,145793,729316.8,129993553.152070,0,729316.8,666082.1699999999,1395398.97
2025-08-12 15:00:00,179.5000,182.0000,179.1600,181.6100,2073660.73,2025-08-12 15:59:59.999,374730706.085190,184984,1124408.06,203215847.960190,0,1124408.06,949252.6699999999,2073660.73
2025-08-12 16:00:00,181.6100,185.3800,180.6800,184.7800,3199192.71,2025-08-12 16:59:59.999,587242700.721570,269755,1616504.72,296721516.828770,0,1616504.72,1582687.99,3199192.71
2025-08-12 17:00:00,184.7900,186.6400,184.7500,185.8600,2444380.26,2025-08-12 17:59:59.999,453893475.096170,226238,1246447.55,231507015.068870,0,1246447.55,1197932.7099999997,2444380.26
2025-08-12 18:00:00,185.8600,189.1500,185.8600,188.1500,2683107.78,2025-08-12 18:59:59.999,504256883.832920,252076,1459822.95,274285812.547740,0,1459822.95,1223284.8299999998,2683107.78
2025-08-12 19:00:00,188.1500,191.1000,188.0900,190.6100,1598910.03,2025-08-12 19:59:59.999,303187772.467270,164720,847202.67,160671126.620070,0,847202.67,751707.36,1598910.03
2025-08-12 20:00:00,190.6200,191.6800,189.5700,191.5400,1431137.79,2025-08-12 20:59:59.999,273011372.652500,175446,756788.41,144392200.312400,0,756788.41,674349.38,1431137.79
2025-08-12 21:00:00,191.5500,193.7900,190.4400,192.4900,1857819.86,2025-08-12 21:59:59.999,357158828.850810,198455,965685.06,185685194.301840,0,965685.06,892134.8,1857819.86
2025-08-12 22:00:00,192.4900,193.2900,191.0000,191.6800,1699265.06,2025-08-12 22:59:59.999,326295597.717200,158420,774707.73,148816696.720600,0,774707.73,924557.3300000001,1699265.06
2025-08-12 23:00:00,191.6800,192.9600,191.2100,191.7600,955827.49,2025-08-12 23:59:59.999,183502852.454400,115665,480314.99,92237766.778100,0,480314.99,475512.5,955827.49
2025-08-13 00:00:00,191.7700,194.7700,191.4700,193.9600,1754868.5,2025-08-13 00:59:59.999,339362018.755020,171672,953127.17,184280441.286620,0,953127.17,801741.33,1754868.5
2025-08-13 01:00:00,193.9600,195.0400,191.9900,194.2600,2375744.81,2025-08-13 01:59:59.999,459810292.547540,220803,1258213.15,243520261.053520,0,1258213.15,1117531.6600000001,2375744.81
2025-08-13 02:00:00,194.2600,198.7300,193.3400,198.6100,2637780.01,2025-08-13 02:59:59.999,517461819.946620,266877,1496143.02,293617745.439620,0,1496143.02,1141636.9899999998,2637780.01
2025-08-13 03:00:00,198.6000,199.5900,196.8200,197.7300,2947542.72,2025-08-13 03:59:59.999,584886527.615700,291694,1526529.57,302942517.472950,0,1526529.57,1421013.1500000001,2947542.72
2025-08-13 04:00:00,197.7400,200.1500,197.2000,198.7500,1867316.91,2025-08-13 04:59:59.999,371124333.939790,203784,910272.37,180979681.420300,0,910272.37,957044.5399999999,1867316.91
2025-08-13 05:00:00,198.7400,198.8000,196.0500,196.5600,1618295.37,2025-08-13 05:59:59.999,319238006.276850,164243,696910.51,137494615.560700,0,696910.51,921384.8600000001,1618295.37
2025-08-13 06:00:00,196.5500,196.8300,195.2000,195.8400,1212908.06,2025-08-13 06:59:59.999,237797796.107510,158277,549799.72,107825109.479600,0,549799.72,663108.3400000001,1212908.06
2025-08-13 07:00:00,195.8400,198.8600,195.8100,198.7900,1429937.33,2025-08-13 07:59:59.999,281857560.468270,162042,844935.21,166586581.712770,0,844935.21,585002.1200000001,1429937.33
2025-08-13 08:00:00,198.7900,199.0700,197.6500,198.9900,1203089.47,2025-08-13 08:59:59.999,238655815.788600,132654,576485.33,114380902.667500,0,576485.33,626604.14,1203089.47
2025-08-13 09:00:00,198.9900,202.8100,198.9600,202.2500,3040479.82,2025-08-13 09:59:59.999,610665273.778460,280237,1683618.22,338158685.811760,0,1683618.22,1356861.5999999999,3040479.82
2025-08-13 10:00:00,202.2400,202.2400,200.8700,201.5600,1314223.32,2025-08-13 10:59:59.999,264866850.180300,165431,645156.56,130040097.734600,0,645156.56,669066.76,1314223.32
2025-08-13 11:00:00,201.5700,202.0300,200.3500,201.0600,1077676.25,2025-08-13 11:59:59.999,216846681.082500,129818,465182.49,93617930.041400,0,465182.49,612493.76,1077676.25
2025-08-13 12:00:00,201.0500,202.6100,200.6600,201.2000,1587928.38,2025-08-13 12:59:59.999,320260021.628600,164660,741141.78,149531407.034700,0,741141.78,846786.5999999999,1587928.38
2025-08-13 13:00:00,201.2000,205.0700,200.6100,202.6000,5258456.17,2025-08-13 13:59:59.999,1066298419.309360,418027,2683565.75,544353767.253600,0,2683565.75,2574890.42,5258456.17
2025-08-13 14:00:00,202.5800,202.9500,196.0500,196.2900,4997770.01,2025-08-13 14:59:59.999,993623414.083710,433155,2049958.4,407585936.338600,0,2049958.4,2947811.61,4997770.01
2025-08-13 15:00:00,196.3000,198.6800,194.6000,197.4900,3344413.09,2025-08-13 15:59:59.999,657691283.112660,321291,1672224.79,329023041.185210,0,1672224.79,1672188.2999999998,3344413.09
2025-08-13 16:00:00,197.4900,199.9600,197.0600,198.0200,2048182.18,2025-08-13 16:59:59.999,406789241.961840,232497,1015501.08,201723740.659360,0,1015501.08,1032681.1,2048182.18
2025-08-13 17:00:00,198.0100,200.1600,197.9600,199.0600,1121138.55,2025-08-13 17:59:59.999,223203676.916790,138413,586645.54,116800635.601800,0,586645.54,534493.01,1121138.55
2025-08-13 18:00:00,199.0600,200.7500,197.8100,199.4500,1545214.38,2025-08-13 18:59:59.999,307887352.794550,172273,745446.94,148567271.574500,0,745446.94,799767.44,1545214.38
2025-08-13 19:00:00,199.4500,202.3000,198.9300,202.1500,1340356.23,2025-08-13 19:59:59.999,268875781.905030,160705,716762.77,143816631.851030,0,716762.77,623593.46,1340356.23
2025-08-13 20:00:00,202.1400,202.2900,199.8600,200.3800,932409.49,2025-08-13 20:59:59.999,187077385.825600,118810,460801.56,92449380.886600,0,460801.56,471607.93,932409.49
2025-08-13 21:00:00,200.3800,201.5300,200.1400,201.0200,606351.88,2025-08-13 21:59:59.999,121813091.468100,88790,273656.55,54983876.957300,0,273656.55,332695.33,606351.88
2025-08-13 22:00:00,201.0300,202.8700,200.1800,200.5800,1192333.64,2025-08-13 22:59:59.999,240360874.704990,129007,560491.78,112963249.928990,0,560491.78,631841.8599999999,1192333.64
2025-08-13 23:00:00,200.5700,203.4100,200.4400,201.5800,1132123.06,2025-08-13 23:59:59.999,228668463.759050,130629,577681.92,116664540.714550,0,577681.92,554441.14,1132123.06
2025-08-14 00:00:00,201.5700,204.0000,200.7400,201.5300,1754894.58,2025-08-14 00:59:59.999,355233023.020030,212589,837571.58,169577256.146640,0,837571.58,917323.0000000001,1754894.58
2025-08-14 01:00:00,201.5200,204.8200,200.6400,202.7100,1746426.3,2025-08-14 01:59:59.999,354586484.325580,203360,900955.85,182877049.256680,0,900955.85,845470.4500000001,1746426.3
2025-08-14 02:00:00,202.7000,208.3000,201.8200,207.3100,2852898.95,2025-08-14 02:59:59.999,585679610.925460,321216,1603026.79,329096734.362270,0,1603026.79,1249872.1600000001,2852898.95
2025-08-14 03:00:00,207.3100,209.3600,206.1800,208.1100,1919357.22,2025-08-14 03:59:59.999,398920113.110620,311929,978337.54,203343643.146280,0,978337.54,941019.6799999999,1919357.22
2025-08-14 04:00:00,208.1100,210.1000,207.4300,208.3700,1711682.11,2025-08-14 04:59:59.999,357496608.806560,225239,815768.8,170394940.044130,0,815768.8,895913.31,1711682.11
2025-08-14 05:00:00,208.3700,210.0000,206.4300,206.7400,2213486.57,2025-08-14 05:59:59.999,460698842.600560,273818,992272.77,206592474.061940,0,992272.77,1221213.7999999998,2213486.57
2025-08-14 06:00:00,206.7300,208.3400,204.2000,207.7300,2686030.6,2025-08-14 06:59:59.999,553714431.043530,319453,1342324.18,276835565.653710,0,1342324.18,1343706.4200000002,2686030.6
2025-08-14 07:00:00,207.7200,208.1900,204.7500,205.8000,1547102.09,2025-08-14 07:59:59.999,319005483.789740,202201,691547.5,142620388.640800,0,691547.5,855554.5900000001,1547102.09
2025-08-14 08:00:00,205.7900,205.9900,202.5900,203.5400,2056129.18,2025-08-14 08:59:59.999,419258457.304760,259690,902590.79,184122734.774400,0,902590.79,1153538.39,2056129.18
2025-08-14 09:00:00,203.5500,205.7400,202.7500,205.5200,1392195.78,2025-08-14 09:59:59.999,284814235.900380,171337,717772.12,146855384.910580,0,717772.12,674423.66,1392195.78
2025-08-14 10:00:00,205.5200,205.8700,202.0000,202.8700,1885748.31,2025-08-14 10:59:59.999,383759518.148340,219126,867530.21,176558363.693100,0,867530.21,1018218.1000000001,1885748.31
2025-08-14 11:00:00,202.8600,204.0800,202.0100,203.7500,1431946.88,2025-08-14 11:59:59.999,290681233.108500,177788,726368.35,147455597.450200,0,726368.35,705578.5299999999,1431946.88
2025-08-14 12:00:00,203.7400,205.6400,190.0000,194.4400,9646627.29,2025-08-14 12:59:59.999,1904255640.152890,819588,4313653.89,851849162.673750,0,4313653.89,5332973.399999999,9646627.29
2025-08-14 13:00:00,194.4400,196.8600,186.4700,194.8600,8931164.92,2025-08-14 13:59:59.999,1722724541.650040,841637,4190257.05,809311018.844610,0,4190257.05,4740907.87,8931164.92
2025-08-14 14:00:00,194.8600,198.9600,193.4900,196.5600,3494402.61,2025-08-14 14:59:59.999,686946099.035850,399029,1782472.59,350474468.002280,0,1782472.59,1711930.0199999998,3494402.61
2025-08-14 15:00:00,196.5600,196.8100,194.5000,194.8400,2256586.14,2025-08-14 15:59:59.999,441473793.045350,287793,1100411.25,215311468.775200,0,1100411.25,1156174.8900000001,2256586.14
2025-08-14 16:00:00,194.8400,195.0500,190.5000,193.3100,2941312.65,2025-08-14 16:59:59.999,566517308.206690,328763,1397337.54,269175235.615940,0,1397337.54,1543975.1099999999,2941312.65
2025-08-14 17:00:00,193.3200,195.5000,191.5300,193.7800,1764167.67,2025-08-14 17:59:59.999,341595471.170290,226615,892449.32,172852572.307600,0,892449.32,871718.35,1764167.67
2025-08-14 18:00:00,193.7700,194.6000,191.2800,193.5300,1219785.91,2025-08-14 18:59:59.999,235552258.418640,171349,578403.17,111729080.034720,0,578403.17,641382.7399999999,1219785.91
2025-08-14 19:00:00,193.5400,195.1100,192.7500,192.8900,940256.3,2025-08-14 19:59:59.999,182446701.241500,127765,462532.45,89766853.486700,0,462532.45,477723.85000000003,940256.3
2025-08-14 20:00:00,192.8900,193.2100,191.5600,192.1800,1095342.56,2025-08-14 20:59:59.999,210565363.581920,146118,555596.75,106814010.273300,0,555596.75,539745.81,1095342.56
2025-08-14 21:00:00,192.1700,192.1700,187.2500,190.2000,2291806.31,2025-08-14 21:59:59.999,434160057.605510,235251,983460.23,186329700.923060,0,983460.23,1308346.08,2291806.31
2025-08-14 22:00:00,190.2100,191.9500,189.2500,191.7700,1111979.19,2025-08-14 22:59:59.999,212009666.633590,129835,585690.23,111706250.775390,0,585690.23,526288.96,1111979.19
2025-08-14 23:00:00,191.7800,193.0900,191.6200,192.3900,728808.32,2025-08-14 23:59:59.999,140282217.288720,100720,376222.78,72418303.494320,0,376222.78,352585.5399999999,728808.32
2025-08-15 00:00:00,192.4000,193.9300,191.8700,192.6300,993007.99,2025-08-15 00:59:59.999,191599919.375220,123685,495544.9,95649822.361320,0,495544.9,497463.08999999997,993007.99
2025-08-15 01:00:00,192.6400,194.2500,192.0100,193.6100,1098461.47,2025-08-15 01:59:59.999,212366375.456890,128570,589776.44,114064194.518870,0,589776.44,508685.03,1098461.47
2025-08-15 02:00:00,193.6100,194.3200,193.0100,193.3000,680611.8,2025-08-15 02:59:59.999,131824511.374300,92351,333490.37,64600093.962200,0,333490.37,347121.43000000005,680611.8
2025-08-15 03:00:00,193.3000,195.5800,192.8500,195.0900,897197.64,2025-08-15 03:59:59.999,174506759.317790,108873,512920.02,99795336.561830,0,512920.02,384277.62,897197.64
2025-08-15 04:00:00,195.0900,195.7600,194.4500,194.9000,868122.06,2025-08-15 04:59:59.999,169478010.347100,111368,432685.9,84486043.424500,0,432685.9,435436.16000000003,868122.06
2025-08-15 05:00:00,194.9000,196.4200,194.3300,196.4200,773534.05,2025-08-15 05:59:59.999,151058861.048600,101044,373922.65,73048266.748200,0,373922.65,399611.4,773534.05
2025-08-15 06:00:00,196.4100,197.9800,196.2000,197.2900,1445976.55,2025-08-15 06:59:59.999,285220163.085750,172932,720811.5,142172578.838550,0,720811.5,725165.05,1445976.55
2025-08-15 07:00:00,197.3000,197.7700,196.1500,196.8800,738247.97,2025-08-15 07:59:59.999,145365673.487900,108300,304580.97,59991752.154500,0,304580.97,433667.0,738247.97
2025-08-15 08:00:00,196.8700,197.5400,196.3000,196.5000,623577.91,2025-08-15 08:59:59.999,122785682.038000,95082,320477.76,63118837.331500,0,320477.76,303100.15,623577.91
2025-08-15 09:00:00,196.4900,197.1100,193.5900,194.1700,1361394.08,2025-08-15 09:59:59.999,265719346.962920,133881,550430.95,107462635.497800,0,550430.95,810963.1300000001,1361394.08
2025-08-15 10:00:00,194.1700,195.9500,194.1000,194.6000,800868.26,2025-08-15 10:59:59.999,156236272.442600,105456,412225.51,80427643.837600,0,412225.51,388642.75,800868.26
2025-08-15 11:00:00,194.6000,195.2900,193.6600,194.2400,671437.54,2025-08-15 11:59:59.999,130538325.964720,98353,313144.26,60877081.385800,0,313144.26,358293.28,671437.54
2025-08-15 12:00:00,194.2500,196.1000,192.4100,193.3400,2351712.87,2025-08-15 12:59:59.999,456311467.395670,249538,1108656.75,215127611.439550,0,1108656.75,1243056.12,2351712.87
2025-08-15 13:00:00,193.3400,193.7600,190.0600,190.4100,2241391.28,2025-08-15 13:59:59.999,429920607.778910,263529,995446.58,191010924.417800,0,995446.58,1245944.6999999997,2241391.28
2025-08-15 14:00:00,190.4000,191.8200,187.0600,187.4500,3318932.05,2025-08-15 14:59:59.999,628399233.543760,309836,1462832.46,277108992.702200,0,1462832.46,1856099.5899999999,3318932.05
2025-08-15 15:00:00,187.4600,187.9900,184.2700,185.4500,3962118.43,2025-08-15 15:59:59.999,737219048.460650,378871,1776017.06,330637467.428920,0,1776017.06,2186101.37,3962118.43
2025-08-15 16:00:00,185.4400,185.9100,183.2300,185.4300,2632754.41,2025-08-15 16:59:59.999,485955482.915570,254188,1384403.31,255612177.735200,0,1384403.31,1248351.1,2632754.41
2025-08-15 17:00:00,185.4400,186.8300,183.8500,185.7600,1815524.61,2025-08-15 17:59:59.999,336951890.536230,196424,1001793.64,186021433.459530,0,1001793.64,813730.9700000001,1815524.61
2025-08-15 18:00:00,185.7600,186.1800,183.2500,184.1000,1089764.59,2025-08-15 18:59:59.999,201328518.083670,141894,441048.32,81505506.721700,0,441048.32,648716.27,1089764.59
2025-08-15 19:00:00,184.1000,185.8100,183.2700,183.8000,1204209.02,2025-08-15 19:59:59.999,221909839.089600,142943,622419.73,114709146.281400,0,622419.73,581789.29,1204209.02
2025-08-15 20:00:00,183.8000,184.9100,183.2600,184.7000,684819.97,2025-08-15 20:59:59.999,126141696.263400,106153,355106.75,65413329.424100,0,355106.75,329713.22,684819.97
2025-08-15 21:00:00,184.6900,185.5800,183.8300,185.5100,592319.07,2025-08-15 21:59:59.999,109472851.051700,95585,306780.04,56709459.421000,0,306780.04,285539.02999999997,592319.07
2025-08-15 22:00:00,185.5100,187.8000,185.1000,187.6000,1029251.92,2025-08-15 22:59:59.999,191931530.151510,111528,625261.75,116622651.834310,0,625261.75,403990.17000000004,1029251.92
2025-08-15 23:00:00,187.6100,188.1800,184.0400,185.6200,1283433.43,2025-08-15 23:59:59.999,238518280.351980,147514,593700.84,110394541.541200,0,593700.84,689732.59,1283433.43
2025-08-16 00:00:00,185.6100,187.6900,185.2100,187.3500,796148.79,2025-08-16 00:59:59.999,148627346.491930,110572,415105.33,77489345.346230,0,415105.33,381043.46,796148.79
2025-08-16 01:00:00,187.3500,188.0600,186.3900,187.8400,673376.2,2025-08-16 01:59:59.999,126080481.217100,84203,340307.2,63732312.038600,0,340307.2,333068.99999999994,673376.2
2025-08-16 02:00:00,187.8300,187.9800,186.7600,186.8000,612522.72,2025-08-16 02:59:59.999,114709939.009800,83508,268649.36,50310593.105300,0,268649.36,343873.36,612522.72
2025-08-16 03:00:00,186.8100,188.2500,186.6100,187.0200,623731.59,2025-08-16 03:59:59.999,116982057.794600,76140,295477.78,55424794.422200,0,295477.78,328253.80999999994,623731.59
