time,open,high,low,close,tick_volume,spread,real_volume
2021-10-26,1807.777,1807.848,1782.191,1793.554,77581,200,0
2021-10-27,1793.571,1799.027,1783.397,1796.583,90841,200,0
2021-10-28,1796.552,1810.38,1791.986,1799.575,108938,200,0
2021-10-29,1799.559,1799.944,1771.896,1783.296,108246,200,0
2021-10-31,1783.269,1783.269,1779.055,1780.026,3101,200,0
2021-11-01,1780.02,1795.686,1779.988,1792.047,77563,200,0
2021-11-02,1792.077,1796.349,1786.062,1787.125,77044,200,0
2021-11-03,1787.102,1787.579,1758.534,1777.242,111398,200,0
2021-11-04,1777.274,1798.894,1770.762,1791.317,87601,200,0
2021-11-05,1791.322,1818.269,1784.842,1818.127,101568,200,0
2021-11-07,1815.75,1818.072,1815.47,1815.82,2370,200,0
2021-11-08,1815.83,1826.395,1812.403,1824.501,81628,200,0
2021-11-09,1824.498,1832.624,1819.119,1829.861,88035,200,0
2021-11-10,1829.858,1868.193,1822.076,1848.511,113364,200,0
2021-11-11,1848.493,1865.739,1842.86,1862.286,82010,200,0
2021-11-12,1862.285,1868.574,1845.229,1864.361,86415,200,0
2021-11-14,1866.804,1867.783,1865.24,1865.476,2251,200,0
2021-11-15,1865.49,1870.267,1856.308,1862.387,78143,200,0
2021-11-16,1862.356,1877.067,1849.644,1850.311,99079,200,0
2021-11-17,1850.313,1868.063,1849.53,1866.479,78527,200,0
2021-11-18,1866.507,1870.883,1855.023,1859.578,83755,200,0
2021-11-19,1859.585,1865.621,1842.815,1846.196,101421,200,0
2021-11-21,1842.207,1847.169,1841.485,1844.879,3839,200,0
2021-11-22,1844.909,1849.046,1802.202,1808.997,114375,200,0
2021-11-23,1809.027,1812.37,1781.914,1790.875,112579,200,0
2021-11-24,1790.91,1796.354,1778.15,1789.664,98771,200,0
2021-11-25,1789.698,1795.027,1787.851,1792.628,44282,200,0
2021-11-26,1792.616,1815.467,1780.054,1787.433,108720,200,0
2021-11-28,1788.597,1795.644,1780.238,1795.521,6519,200,0
2021-11-29,1795.49,1799.361,1781.122,1786.826,98867,200,0
2021-11-30,1786.816,1808.477,1769.681,1773.206,139330,200,0
2021-12-01,1773.209,1794.267,1772.598,1781.825,121611,200,0
2021-12-02,1781.812,1781.971,1761.841,1768.989,104024,200,0
2021-12-03,1768.985,1786.072,1766.078,1783.414,109951,200,0
2021-12-05,1782.102,1784.094,1780.691,1782.901,2235,200,0
2021-12-06,1782.933,1787.683,1775.506,1780.931,77827,200,0
2021-12-07,1780.899,1787.791,1771.828,1784.719,74328,200,0
2021-12-08,1784.685,1793.061,1779.53,1783.494,78974,200,0
2021-12-09,1783.474,1787.554,1773.417,1776.327,77263,200,0
2021-12-10,1776.329,1789.123,1769.919,1782.805,76366,200,0
2021-12-12,1782.732,1784.389,1782.71,1783.216,1672,200,0
2021-12-13,1783.217,1791.381,1781.725,1785.722,62122,200,0
2021-12-14,1785.754,1789.462,1766.419,1772.453,74022,200,0
2021-12-15,1772.485,1781.434,1753.053,1779.456,104131,200,0
2021-12-16,1779.466,1799.621,1775.504,1798.708,83297,200,0
2021-12-17,1798.738,1814.191,1795.794,1798.064,76681,200,0
2021-12-19,1800.61,1801.676,1799.386,1800.067,2260,200,0
2021-12-20,1800.065,1804.089,1788.286,1791.617,72693,200,0
2021-12-21,1791.622,1800.238,1784.568,1790.466,68099,200,0
2021-12-22,1790.47,1804.962,1785.846,1803.662,61506,200,0
2021-12-23,1803.66,1810.687,1798.609,1808.451,57419,200,0
2021-12-26,1806.207,1808.526,1805.977,1807.259,1459,200,0
2021-12-27,1807.26,1813.384,1802.871,1812.348,53307,200,0
2021-12-28,1812.36,1820.191,1805.006,1806.56,58071,200,0
2021-12-29,1806.557,1807.626,1789.212,1804.526,66300,200,0
2021-12-30,1804.533,1817.117,1796.118,1815.703,61954,200,0
2021-12-31,1815.704,1828.722,1814.704,1827.615,57515,200,0
2022-01-02,1830.615,1831.73,1828.021,1828.452,1679,200,0
2022-01-03,1828.453,1831.542,1798.304,1804.101,75997,200,0
2022-01-04,1804.127,1816.68,1798.452,1813.873,78878,200,0
2022-01-05,1813.885,1829.591,1808.259,1810.244,79722,200,0
2022-01-06,1810.275,1811.475,1786.332,1791.365,98835,200,0
2022-01-07,1791.381,1798.604,1782.289,1796.899,85391,200,0
2022-01-09,1794.898,1796.069,1794.505,1795.145,1987,200,0
2022-01-10,1795.117,1802.899,1790.033,1801.225,77395,200,0
2022-01-11,1801.195,1823.249,1801.195,1820.722,77420,200,0
2022-01-12,1820.714,1828.061,1814.465,1825.277,74394,200,0
2022-01-13,1825.28,1828.107,1812.206,1820.818,71647,200,0
2022-01-14,1820.817,1829.045,1814.63,1817.639,79137,200,0
2022-01-16,1817.663,1818.081,1815.859,1816.379,1623,200,0
2022-01-17,1816.377,1823.141,1813.109,1819.029,41119,200,0
2022-01-18,1818.985,1822.726,1805.622,1814.21,92034,200,0
2022-01-19,1814.231,1843.326,1810.075,1838.495,83952,200,0
2022-01-20,1838.496,1847.646,1835.68,1838.889,81810,200,0
2022-01-21,1838.895,1843.095,1828.126,1834.664,85165,200,0
2022-01-23,1833.144,1837.088,1833.123,1834.669,2717,200,0
2022-01-24,1834.699,1844.124,1829.487,1843.521,90979,200,0
2022-01-25,1843.527,1853.785,1834.517,1849.526,86389,200,0
2022-01-26,1849.505,1849.51,1814.84,1821.928,107560,200,0
2022-01-27,1821.924,1821.949,1791.677,1797.205,109475,200,0
2022-01-28,1797.232,1799.343,1779.895,1791.634,97691,200,0
2022-01-30,1789.345,1790.575,1788.327,1789.464,2523,200,0
2022-01-31,1789.494,1799.841,1785.425,1797.738,81387,200,0
2022-02-01,1797.736,1808.434,1795.718,1800.694,81664,200,0
2022-02-02,1800.711,1810.736,1794.309,1807.83,73881,200,0
2022-02-03,1807.797,1808.931,1788.521,1805.719,88785,200,0
2022-02-04,1805.691,1814.862,1792.076,1807.732,93099,200,0
2022-02-06,1808.436,1811.438,1807.877,1810.028,2355,200,0
2022-02-07,1810.035,1823.503,1808.678,1822.004,73956,200,0
2022-02-08,1821.979,1828.737,1815.397,1826.134,62407,200,0
2022-02-09,1825.521,1835.783,1824.374,1832.541,60237,200,0
2022-02-10,1832.543,1841.879,1821.482,1826.796,101664,200,0
2022-02-11,1826.765,1865.332,1820.681,1858.955,121366,200,0
2022-02-13,1855.608,1861.547,1855.387,1859.538,4308,200,0
2022-02-14,1859.568,1874.102,1850.562,1871.048,110616,200,0
2022-02-15,1871.07,1879.466,1844.081,1852.964,102219,200,0
2022-02-16,1852.951,1872.512,1850.275,1869.906,84884,200,0
2022-02-17,1869.938,1900.989,1867.772,1899.944,117790,200,0
2022-02-18,1899.977,1902.395,1886.288,1897.807,90006,200,0
2022-02-20,1903.076,1906.406,1900.349,1904.863,3825,200,0
2022-02-21,1904.861,1914.09,1887.562,1909.377,78508,200,0
2022-02-22,1909.376,1913.754,1891.161,1898.158,103143,200,0
2022-02-23,1898.156,1911.524,1889.367,1910.758,84919,200,0
2022-02-24,1910.754,1974.331,1877.772,1906.531,248206,200,0
2022-02-25,1906.534,1921.484,1882.673,1889.003,146868,200,0
2022-02-27,1921.032,1927.297,1904.329,1910.211,13881,200,0
2022-02-28,1910.171,1919.174,1890.826,1906.268,142235,200,0
2022-03-01,1906.236,1950.209,1901.367,1942.269,137898,200,0
2022-03-02,1942.264,1947.856,1913.468,1928.805,156251,200,0
2022-03-03,1928.837,1941.243,1921.978,1934.87,121829,200,0
2022-03-04,1934.879,1970.844,1929.388,1970.317,152565,200,0
2022-03-06,1981.416,1991.499,1981.233,1988.583,11608,200,0
2022-03-07,1988.6,2002.716,1960.799,1998.736,222710,200,0
2022-03-08,1998.753,2070.292,1980.906,2043.828,317312,200,0
2022-03-09,2043.799,2059.09,1975.866,1989.867,262480,200,0
2022-03-10,1989.862,2009.102,1970.412,1995.387,205978,200,0
2022-03-11,1995.388,1997.308,1958.306,1988.147,162907,200,0
2022-03-13,1980.342,1983.847,1970.76,1974.302,8520,200,0
2022-03-14,1974.263,1978.865,1949.352,1952.184,132363,200,0
2022-03-15,1952.176,1952.208,1906.916,1918.085,154069,200,0
2022-03-16,1918.082,1929.424,1894.75,1927.034,152497,200,0
2022-03-17,1927.03,1949.689,1925.557,1943.947,117718,200,0
2022-03-18,1943.915,1945.34,1917.946,1921.271,113209,200,0
2022-03-20,1925.067,1926.334,1918.261,1918.985,4776,200,0
2022-03-21,1919.007,1941.097,1917.862,1935.579,98865,200,0
2022-03-22,1935.611,1938.331,1910.378,1919.665,109007,200,0
2022-03-23,1919.663,1948.31,1915.575,1946.106,93503,200,0
2022-03-24,1946.073,1966.151,1937.434,1959.217,111282,200,0
2022-03-25,1959.236,1964.253,1943.079,1958.243,99684,200,0
2022-03-27,1955.588,1957.911,1954.787,1957.209,4352,200,0
2022-03-28,1957.203,1958.405,1916.898,1924.041,130309,200,0
2022-03-29,1924.04,1929.272,1890.113,1916.354,134902,200,0
2022-03-30,1916.363,1938.489,1915.905,1934.044,107051,200,0
2022-03-31,1934.075,1949.76,1918.847,1936.702,110702,200,0
2022-04-01,1936.704,1939.493,1917.848,1924.495,111512,200,0
2022-04-03,1924.641,1924.995,1921.444,1924.674,3324,200,0
2022-04-04,1924.635,1936.815,1915.251,1931.493,98221,200,0
2022-04-05,1931.51,1944.555,1917.767,1920.618,106471,200,0
2022-04-06,1920.617,1933.332,1914.838,1923.806,123666,200,0
2022-04-07,1923.783,1937.538,1920.496,1932.938,99962,200,0
2022-04-08,1932.968,1948.146,1927.668,1947.868,91375,200,0
2022-04-10,1948.292,1950.0,1943.18,1944.606,4961,200,0
2022-04-11,1944.61,1969.435,1939.975,1952.799,114249,200,0
2022-04-12,1952.772,1978.253,1949.605,1965.899,112600,200,0
2022-04-13,1965.931,1981.532,1962.845,1977.082,97491,200,0
2022-04-14,1977.047,1980.308,1960.42,1973.111,95673,200,0
2022-04-17,1972.91,1987.767,1971.978,1986.463,7352,200,0
2022-04-18,1986.493,1998.024,1976.042,1977.161,100376,200,0
2022-04-19,1977.192,1981.721,1943.618,1949.718,115039,200,0
2022-04-20,1949.748,1958.332,1939.088,1956.797,111044,200,0
2022-04-21,1956.794,1957.397,1936.388,1950.897,109229,200,0
2022-04-22,1950.864,1955.483,1926.197,1931.5,122084,200,0
2022-04-24,1932.305,1934.435,1929.527,1932.663,4920,200,0
2022-04-25,1932.661,1932.726,1891.134,1899.375,142591,200,0
2022-04-26,1899.407,1910.939,1895.449,1906.529,119358,200,0
2022-04-27,1906.543,1906.789,1881.037,1885.633,120879,200,0
2022-04-28,1885.625,1896.735,1871.981,1895.515,121984,200,0
2022-04-29,1895.526,1919.762,1894.415,1896.72,112102,200,0
2022-05-01,1899.389,1899.899,1896.106,1897.236,6224,200,0
2022-05-02,1897.206,1898.451,1854.428,1863.15,110176,200,0
2022-05-03,1863.149,1877.892,1850.192,1868.33,100110,200,0
2022-05-04,1868.298,1894.144,1861.438,1893.932,120006,200,0
2022-05-05,1893.971,1909.551,1872.327,1874.231,135609,200,0
2022-05-06,1874.199,1892.504,1865.961,1883.631,115722,200,0
2022-05-08,1883.561,1885.697,1879.889,1881.256,5207,200,0
2022-05-09,1881.244,1882.073,1851.677,1854.636,116474,200,0
2022-05-10,1854.605,1865.365,1833.109,1833.584,123340,200,0
2022-05-11,1833.614,1857.973,1832.015,1854.064,129678,200,0
2022-05-12,1854.063,1858.745,1810.519,1821.379,138180,200,0
2022-05-13,1821.414,1828.559,1798.81,1811.491,105469,200,0
2022-05-15,1813.943,1814.561,1809.718,1813.161,5868,200,0
2022-05-16,1813.19,1829.184,1786.381,1826.353,109847,200,0
2022-05-17,1826.388,1836.051,1812.886,1814.521,102806,200,0
2022-05-18,1814.49,1824.673,1807.231,1816.015,96046,200,0
2022-05-19,1816.029,1849.115,1810.833,1842.072,111091,200,0
2022-05-20,1842.064,1849.365,1832.312,1846.487,90594,200,0
2022-05-22,1849.009,1849.587,1843.478,1846.283,5063,200,0
2022-05-23,1846.284,1865.372,1845.756,1853.883,87084,200,0
2022-05-24,1853.919,1869.656,1849.303,1867.329,80818,200,0
2022-05-25,1867.361,1867.995,1841.3,1853.974,82338,200,0
2022-05-26,1853.944,1854.26,1840.804,1852.799,83102,200,0
2022-05-27,1852.779,1862.113,1847.933,1853.024,77236,200,0
2022-05-29,1852.618,1853.909,1848.158,1849.849,3394,200,0
2022-05-30,1849.872,1863.953,1848.661,1852.384,53669,200,0
2022-05-31,1852.416,1857.07,1835.015,1836.404,92803,200,0
2022-06-01,1836.437,1849.923,1828.429,1845.949,96111,200,0
2022-06-02,1845.953,1870.543,1844.065,1869.855,82908,200,0
2022-06-03,1869.886,1873.967,1847.249,1850.96,77381,200,0
2022-06-05,1850.955,1853.237,1850.103,1851.478,2805,200,0
2022-06-06,1851.48,1857.898,1837.957,1839.385,73853,200,0
2022-06-07,1839.404,1855.484,1836.939,1853.566,79454,200,0
2022-06-08,1853.569,1859.61,1844.488,1852.692,74411,200,0
2022-06-09,1852.695,1855.255,1840.008,1846.918,81409,200,0
2022-06-10,1846.945,1875.847,1825.079,1871.532,115431,200,0
2022-06-12,1878.07,1878.832,1874.666,1876.949,6102,200,0
2022-06-13,1876.93,1877.351,1809.14,1821.013,138293,200,0
2022-06-14,1820.98,1831.57,1805.064,1810.902,123223,200,0
2022-06-15,1810.872,1841.828,1808.642,1833.827,150976,200,0
2022-06-16,1833.811,1857.493,1815.391,1850.809,130437,200,0
2022-06-17,1850.821,1852.917,1833.817,1840.248,109003,200,0
2022-06-19,1836.197,1840.32,1834.725,1838.432,5130,200,0
2022-06-20,1838.436,1846.093,1835.153,1839.076,63787,200,0
2022-06-21,1839.091,1843.581,1828.531,1831.32,90406,200,0
2022-06-22,1831.288,1847.815,1823.291,1836.562,103018,200,0
2022-06-23,1836.593,1845.908,1822.481,1824.582,102430,200,0
2022-06-24,1824.585,1831.621,1816.879,1827.1,94116,200,0
2022-06-26,1836.268,1836.298,1829.99,1831.024,7000,200,0
2022-06-27,1831.005,1840.818,1820.729,1823.494,87967,200,0
2022-06-28,1823.506,1829.452,1818.256,1818.377,79619,200,0
2022-06-29,1818.347,1832.88,1811.848,1818.883,89385,200,0
2022-06-30,1818.896,1825.133,1802.627,1806.548,100818,200,0
2022-07-01,1806.552,1809.394,1784.473,1809.341,112094,200,0
2022-07-03,1810.342,1810.937,1808.034,1808.071,4033,200,0
2022-07-04,1808.062,1814.091,1803.765,1809.285,56438,200,0
2022-07-05,1809.287,1812.081,1763.729,1769.527,109374,200,0
2022-07-06,1769.524,1772.784,1732.221,1739.958,124545,200,0
2022-07-07,1739.989,1748.998,1736.482,1741.722,89327,200,0
2022-07-08,1741.754,1752.349,1732.813,1742.249,93328,200,0
2022-07-10,1741.088,1744.589,1740.873,1741.965,3890,200,0
2022-07-11,1741.998,1743.548,1731.223,1733.238,80152,200,0
2022-07-12,1733.236,1743.94,1723.2,1725.287,99109,200,0
2022-07-13,1725.317,1745.318,1706.931,1731.99,124092,200,0
2022-07-14,1731.972,1733.521,1697.565,1711.655,129533,200,0
2022-07-15,1711.692,1716.563,1698.877,1707.44,99110,200,0
2022-07-17,1706.571,1710.646,1706.536,1710.297,4178,200,0
2022-07-18,1710.292,1723.731,1706.616,1708.215,87734,200,0
2022-07-19,1708.198,1718.373,1705.3,1709.954,78371,200,0
2022-07-20,1709.924,1714.326,1692.141,1695.406,83919,200,0
2022-07-21,1695.357,1720.269,1680.811,1718.076,117453,200,0
2022-07-22,1718.046,1739.179,1712.809,1727.469,94924,200,0
2022-07-24,1726.25,1727.089,1724.282,1724.673,3980,200,0
2022-07-25,1724.676,1736.012,1714.721,1718.99,81371,200,0
2022-07-26,1719.03,1728.145,1713.555,1717.9,79703,200,0
2022-07-27,1717.929,1740.177,1711.358,1738.769,95469,200,0
2022-07-28,1738.764,1757.039,1733.993,1754.908,113787,200,0
2022-07-29,1754.898,1767.905,1752.116,1766.178,95353,200,0
2022-07-31,1765.356,1765.39,1760.893,1762.141,3687,200,0
2022-08-01,1762.172,1775.302,1758.22,1772.228,88751,200,0
2022-08-02,1772.261,1787.96,1754.784,1756.675,112389,200,0
2022-08-03,1756.669,1772.769,1754.321,1763.586,92443,200,0
2022-08-04,1763.617,1794.882,1763.358,1793.38,86655,200,0
2022-08-05,1793.347,1794.863,1764.955,1775.628,98370,200,0
2022-08-07,1773.369,1775.023,1772.643,1774.558,3096,200,0
2022-08-08,1774.562,1790.651,1771.119,1789.192,67822,200,0
2022-08-09,1789.176,1800.41,1783.177,1794.082,75715,200,0
2022-08-10,1794.086,1807.831,1787.574,1791.66,91465,200,0
2022-08-11,1791.675,1799.215,1783.521,1788.95,82855,200,0
2022-08-12,1788.923,1802.198,1784.81,1801.884,74536,200,0
2022-08-14,1801.505,1801.765,1798.969,1799.103,3025,200,0
2022-08-15,1799.072,1801.693,1772.814,1778.509,84773,200,0
2022-08-16,1778.547,1783.068,1771.198,1775.556,73288,200,0
2022-08-17,1775.564,1782.159,1759.7,1764.909,91785,200,0
2022-08-18,1764.911,1772.362,1755.304,1758.387,80117,200,0
2022-08-19,1758.39,1758.55,1745.49,1747.376,77219,200,0
2022-08-21,1745.586,1748.094,1744.969,1745.664,3670,200,0
2022-08-22,1745.668,1748.992,1727.749,1735.22,84051,200,0
2022-08-23,1735.227,1754.057,1730.786,1745.97,85337,200,0
2022-08-24,1745.972,1755.904,1742.431,1750.98,78536,200,0
2022-08-25,1750.974,1765.437,1749.921,1756.384,78165,200,0
2022-08-26,1756.377,1758.757,1734.13,1737.998,101754,200,0
2022-08-28,1734.774,1738.525,1733.125,1734.735,6173,200,0
2022-08-29,1734.741,1745.407,1720.28,1739.526,90780,200,0
2022-08-30,1739.51,1740.474,1721.131,1723.304,83874,200,0
2022-08-31,1723.302,1726.483,1705.48,1708.952,93203,200,0
2022-09-01,1708.919,1708.919,1688.723,1697.207,97151,200,0
2022-09-02,1697.174,1717.932,1696.266,1712.532,91214,200,0
2022-09-04,1711.024,1711.509,1707.899,1707.958,3101,200,0
2022-09-05,1707.929,1715.705,1707.72,1713.927,51592,200,0
2022-09-06,1713.921,1726.337,1699.751,1703.478,95458,200,0
2022-09-07,1703.475,1719.426,1691.358,1716.553,95631,200,0
2022-09-08,1716.548,1727.938,1703.814,1710.648,106130,200,0
2022-09-09,1710.618,1729.336,1709.683,1717.186,87122,200,0
2022-09-11,1718.402,1720.155,1716.742,1718.396,3416,200,0
2022-09-12,1718.365,1735.081,1711.946,1725.246,92488,200,0
2022-09-13,1725.236,1731.772,1696.943,1702.097,114566,200,0
2022-09-14,1702.141,1707.068,1693.596,1697.512,99561,200,0
2022-09-15,1697.494,1697.775,1660.181,1662.357,103849,200,0
2022-09-16,1662.336,1680.173,1654.095,1675.286,95570,200,0
2022-09-18,1674.412,1679.963,1673.966,1677.946,4036,200,0
2022-09-19,1677.914,1678.74,1659.622,1675.752,84643,200,0
2022-09-20,1675.744,1679.43,1659.913,1666.4,87179,200,0
2022-09-21,1666.392,1688.033,1653.772,1667.043,141289,200,0
2022-09-22,1667.04,1684.833,1655.508,1672.724,138880,200,0
2022-09-23,1672.737,1675.933,1639.714,1643.877,118530,200,0
2022-09-25,1643.172,1645.673,1640.355,1644.054,5574,200,0
2022-09-26,1644.085,1649.598,1621.048,1627.669,150748,200,0
2022-09-27,1627.637,1642.334,1626.649,1628.797,114225,200,0
2022-09-28,1628.795,1662.66,1614.427,1656.115,147564,200,0
2022-09-29,1656.147,1665.171,1641.435,1664.567,132544,200,0
2022-09-30,1664.576,1675.424,1659.198,1660.963,121494,200,0
2022-10-02,1664.009,1665.394,1663.255,1664.152,4625,200,0
2022-10-03,1664.122,1702.553,1659.578,1700.996,126167,200,0
2022-10-04,1701.0,1729.469,1695.125,1725.563,120508,200,0
2022-10-05,1725.562,1727.552,1700.445,1718.379,118198,200,0
2022-10-06,1718.416,1725.491,1706.888,1711.869,108878,200,0
2022-10-07,1711.89,1714.764,1690.453,1695.001,116036,200,0
2022-10-09,1696.236,1699.857,1695.794,1696.694,4572,200,0
2022-10-10,1696.695,1697.232,1665.618,1670.131,101528,200,0
2022-10-11,1670.1,1683.879,1660.867,1664.037,122720,200,0
2022-10-12,1664.015,1678.298,1661.379,1674.483,118115,200,0
2022-10-13,1674.46,1682.36,1642.337,1663.441,152371,200,0
2022-10-14,1663.418,1671.694,1640.123,1644.267,126301,200,0
2022-10-16,1646.163,1647.656,1644.094,1647.47,4635,200,0
2022-10-17,1647.455,1668.339,1646.361,1650.698,97286,200,0
2022-10-18,1650.73,1660.853,1645.81,1652.305,104392,200,0
2022-10-19,1652.304,1653.366,1626.464,1627.097,103929,200,0
2022-10-20,1627.064,1645.57,1622.403,1626.98,107867,200,0
2022-10-21,1626.979,1658.087,1616.886,1657.806,154326,200,0
2022-10-23,1659.975,1670.806,1656.61,1661.251,20028,200,0
2022-10-24,1661.219,1663.306,1643.903,1651.742,126304,200,0
2022-10-25,1651.773,1662.281,1638.121,1652.755,107096,200,0
2022-10-26,1652.765,1674.834,1649.733,1667.513,110046,200,0
2022-10-27,1667.524,1670.754,1654.798,1661.862,122399,200,0
2022-10-28,1661.861,1666.992,1637.811,1644.598,109840,200,0
2022-10-30,1643.727,1645.373,1643.003,1643.446,4695,200,0
2022-10-31,1643.413,1645.56,1631.677,1632.416,86308,200,0
2022-11-01,1632.419,1656.969,1630.689,1646.772,109639,200,0
2022-11-02,1646.804,1669.428,1631.8,1633.721,137083,200,0
2022-11-03,1633.718,1640.911,1616.624,1629.737,115067,200,0
2022-11-04,1629.771,1681.665,1629.315,1680.966,133186,200,0
2022-11-06,1675.168,1680.309,1672.277,1672.66,5337,200,0
2022-11-07,1672.698,1681.865,1666.852,1674.072,103112,200,0
2022-11-08,1674.084,1716.901,1664.487,1711.587,118516,200,0
2022-11-09,1711.583,1722.291,1702.124,1706.45,124413,200,0
2022-11-10,1706.469,1757.196,1703.98,1752.196,145379,200,0
2022-11-11,1752.192,1772.822,1747.23,1770.992,129636,200,0
2022-11-13,1763.488,1764.891,1761.422,1763.439,4142,200,0
2022-11-14,1763.447,1775.007,1753.101,1769.481,114629,200,0
2022-11-15,1769.516,1786.472,1767.047,1780.746,154427,200,0
2022-11-16,1780.774,1784.992,1770.272,1773.843,121910,200,0
2022-11-17,1773.862,1774.762,1754.443,1760.058,111262,200,0
2022-11-18,1760.026,1767.674,1747.487,1750.852,93369,200,0
2022-11-20,1751.196,1752.595,1750.869,1752.261,2432,200,0
2022-11-21,1752.256,1752.986,1732.473,1738.506,101151,200,0
2022-11-22,1738.513,1749.596,1737.008,1741.139,89700,200,0
2022-11-23,1741.14,1753.178,1726.319,1752.271,106091,200,0
2022-11-24,1752.302,1758.565,1752.297,1755.189,62916,200,0
2022-11-25,1755.375,1761.12,1745.947,1755.969,74191,200,0
2022-11-27,1753.479,1754.215,1749.919,1750.9,1548,200,0
2022-11-28,1750.883,1763.703,1739.601,1741.231,103651,200,0
2022-11-29,1741.252,1758.749,1740.23,1748.884,96318,200,0
2022-11-30,1748.92,1773.44,1744.645,1773.332,122025,200,0
2022-12-01,1773.354,1804.439,1771.933,1802.253,122287,200,0
2022-12-02,1802.284,1802.96,1778.425,1797.945,117886,200,0
2022-12-04,1795.131,1799.341,1794.397,1798.946,3012,200,0
2022-12-05,1798.977,1809.886,1765.756,1769.348,110073,200,0
2022-12-06,1769.314,1780.835,1767.201,1770.915,94670,200,0
2022-12-07,1770.918,1790.489,1768.683,1786.964,105243,200,0
2022-12-08,1786.974,1794.664,1781.372,1789.207,87471,200,0
2022-12-09,1789.21,1806.043,1788.466,1797.455,98079,200,0
2022-12-11,1795.942,1796.635,1794.757,1794.954,2137,200,0
2022-12-12,1794.938,1795.446,1777.541,1781.893,86583,200,0
2022-12-13,1781.894,1824.45,1780.983,1809.588,130034,200,0
2022-12-14,1809.586,1814.085,1795.718,1807.616,129124,200,0
2022-12-15,1807.617,1807.818,1773.434,1776.49,120652,200,0
2022-12-16,1776.456,1794.228,1774.271,1793.062,95318,200,0
2022-12-18,1792.453,1793.006,1790.95,1791.017,2246,200,0
2022-12-19,1790.997,1798.712,1783.783,1787.255,82183,200,0
2022-12-20,1787.224,1821.02,1784.563,1817.199,125521,200,0
2022-12-21,1817.168,1823.76,1811.854,1814.892,90916,200,0
2022-12-22,1814.856,1820.365,1784.764,1793.44,99405,200,0
2022-12-23,1793.461,1803.194,1791.14,1798.469,85411,200,0
2022-12-26,1799.575,1803.087,1799.248,1800.842,1600,1955,0
2022-12-27,1800.845,1832.979,1800.238,1812.353,91864,200,0
2022-12-28,1812.377,1814.566,1796.946,1805.765,88176,200,0
2022-12-29,1805.728,1820.145,1804.34,1815.096,81990,200,0
2022-12-30,1815.108,1825.985,1813.189,1823.51,88313,200,0
2023-01-02,1825.968,1830.46,1823.998,1829.131,2383,834,0
2023-01-03,1829.11,1849.902,1826.747,1836.522,123212,200,0
2023-01-04,1836.501,1865.086,1836.185,1854.827,124302,200,0
2023-01-05,1854.794,1858.971,1824.835,1832.799,116567,200,0
2023-01-06,1832.8,1869.783,1831.265,1865.989,119328,200,0
2023-01-08,1866.736,1869.922,1866.716,1869.602,3670,200,0
2023-01-09,1869.595,1881.424,1867.099,1870.487,108201,200,0
2023-01-10,1870.477,1880.719,1867.789,1877.167,103765,200,0
2023-01-11,1877.196,1886.576,1866.893,1876.939,100753,200,0
2023-01-12,1876.935,1901.404,1873.233,1898.022,133237,200,0
2023-01-13,1898.023,1921.854,1892.282,1920.251,111562,200,0
2023-01-15,1919.066,1920.45,1916.844,1916.893,2928,200,0
2023-01-16,1916.904,1928.951,1910.813,1917.856,69244,200,0
2023-01-17,1917.882,1918.996,1903.633,1908.691,101939,200,0
2023-01-18,1908.674,1925.862,1896.559,1906.818,129160,200,0
2023-01-19,1906.848,1935.129,1900.95,1931.68,114677,200,0
2023-01-20,1931.683,1937.383,1920.58,1925.916,97925,200,0
2023-01-22,1924.243,1927.327,1924.189,1927.258,2521,200,0
2023-01-23,1927.232,1935.466,1911.296,1931.325,105366,200,0
2023-01-24,1931.313,1942.395,1916.962,1936.963,101115,200,0
2023-01-25,1936.953,1948.739,1919.693,1948.321,107036,200,0
2023-01-26,1948.346,1949.116,1918.36,1930.718,113360,200,0
2023-01-27,1930.679,1935.025,1916.455,1928.265,92726,200,0
2023-01-29,1926.737,1928.918,1926.408,1928.854,2431,200,0
2023-01-30,1928.859,1934.425,1920.627,1922.089,96194,200,0
2023-01-31,1922.121,1931.088,1900.736,1927.336,110416,200,0
2023-02-01,1927.329,1956.112,1920.494,1953.043,138664,200,0
2023-02-02,1953.008,1959.639,1911.211,1915.002,144425,200,0
2023-02-03,1914.998,1918.515,1861.424,1865.805,152562,0,0
2023-02-05,1864.169,1869.894,1863.718,1865.462,4303,200,0
2023-02-06,1865.429,1881.296,1862.982,1868.476,112453,200,0
2023-02-07,1868.507,1884.428,1864.972,1872.894,137566,200,0
2023-02-08,1872.893,1886.342,1868.977,1874.989,102312,200,0
2023-02-09,1874.983,1890.02,1858.842,1862.322,113690,200,0
2023-02-10,1862.353,1872.159,1852.744,1865.314,115655,200,0
2023-02-12,1863.97,1865.29,1862.633,1862.705,2215,200,0
2023-02-13,1862.739,1866.533,1850.417,1854.376,92835,200,0
2023-02-14,1854.38,1870.282,1843.14,1854.865,155839,200,0
2023-02-15,1854.862,1860.066,1830.262,1836.361,117901,200,0
2023-02-16,1836.353,1845.266,1827.404,1834.272,114968,200,0
2023-02-17,1834.288,1843.547,1818.861,1842.499,107722,200,0
2023-02-19,1841.163,1841.687,1838.386,1838.659,2114,200,0
2023-02-20,1838.666,1847.39,1837.282,1841.674,51899,200,0
2023-02-21,1841.705,1843.801,1830.204,1835.548,100273,200,0
2023-02-22,1835.552,1845.822,1823.473,1825.075,102612,200,0
2023-02-23,1825.086,1833.723,1817.188,1823.166,99236,200,0
2023-02-24,1823.197,1827.755,1808.9,1810.778,100815,200,0
2023-02-26,1811.891,1813.078,1811.239,1811.74,2182,200,0
2023-02-27,1811.728,1820.088,1806.267,1817.137,89135,200,0
2023-02-28,1817.138,1831.104,1804.363,1825.551,94221,200,0
2023-03-01,1825.552,1844.574,1823.042,1836.554,103939,200,0
2023-03-02,1836.53,1838.932,1829.947,1837.818,96436,200,0
2023-03-03,1837.787,1856.278,1837.756,1855.265,90673,200,0
2023-03-05,1853.694,1854.076,1852.152,1852.294,1832,200,0
2023-03-06,1852.302,1858.123,1845.066,1846.323,84791,200,0
2023-03-07,1846.303,1851.468,1812.67,1813.936,110317,200,0
2023-03-08,1813.935,1824.235,1809.372,1815.196,96063,200,0
2023-03-09,1815.209,1835.368,1811.922,1831.569,90827,200,0
2023-03-10,1831.565,1870.031,1827.702,1867.109,141641,200,0
2023-03-12,1883.238,1894.368,1875.749,1877.746,25382,200,0
2023-03-13,1877.716,1914.577,1871.496,1912.025,194915,200,0
2023-03-14,1912.055,1914.113,1895.228,1903.064,151655,200,0
2023-03-15,1903.055,1937.287,1885.551,1921.155,193157,200,0
2023-03-16,1921.145,1933.437,1907.298,1921.294,165432,200,0
2023-03-17,1921.306,1988.311,1918.196,1988.129,151326,200,0
2023-03-19,1985.925,1988.132,1975.037,1976.936,11961,200,0
2023-03-20,1976.968,2009.668,1965.507,1976.585,190895,200,0
2023-03-21,1976.581,1985.121,1935.343,1943.106,139953,200,0
2023-03-22,1943.074,1978.802,1934.107,1969.706,164665,200,0
2023-03-23,1969.755,2003.277,1966.317,1991.324,156339,200,0
2023-03-24,1991.292,2002.989,1975.165,1978.777,158796,200,0
2023-03-26,1976.4,1976.735,1969.353,1975.691,7621,200,0
2023-03-27,1975.658,1978.691,1943.944,1958.071,122547,200,0
2023-03-28,1958.04,1975.255,1949.141,1971.867,105017,200,0
2023-03-29,1971.898,1972.854,1958.665,1963.197,94574,200,0
2023-03-30,1963.201,1984.251,1955.345,1978.386,99978,200,0
2023-03-31,1978.412,1987.544,1966.806,1969.376,102316,200,0
2023-04-02,1966.275,1967.407,1956.964,1957.027,9069,200,0
2023-04-03,1957.063,1990.476,1949.542,1984.935,111853,200,0
2023-04-04,1984.929,2024.982,1976.821,2021.734,124055,200,0
2023-04-05,2021.748,2032.046,2009.719,2020.287,116543,200,0
2023-04-06,2020.269,2020.907,2000.61,2007.761,97624,200,0
2023-04-09,1997.006,2006.495,1995.817,2005.497,5721,200,0
2023-04-10,2005.529,2005.86,1981.436,1992.389,96556,200,0
2023-04-11,1992.356,2007.41,1988.773,2004.659,84783,200,0
2023-04-12,2004.675,2028.014,2000.847,2018.149,122470,200,0
2023-04-13,2018.118,2048.597,2015.276,2039.713,108710,200,0
2023-04-14,2039.712,2047.392,1992.364,2004.252,132326,200,0
2023-04-16,2001.207,2005.006,1999.651,2002.848,5116,200,0
2023-04-17,2002.866,2014.998,1980.899,1993.906,109437,200,0
2023-04-18,1993.915,2011.823,1990.998,2005.718,97027,200,0
2023-04-19,2005.719,2008.077,1969.176,1993.616,113419,200,0
2023-04-20,1993.651,2012.147,1990.476,2005.313,109836,200,0
2023-04-21,2005.287,2005.508,1971.584,1982.886,118258,200,0
2023-04-23,1982.082,1985.343,1981.789,1984.62,3555,200,0
2023-04-24,1984.618,1996.42,1974.028,1995.016,100103,200,0
2023-04-25,1995.015,2003.83,1976.067,2000.172,125714,200,0
2023-04-26,2000.178,2009.122,1983.348,1991.647,127311,200,0
2023-04-27,1991.617,2003.178,1973.966,1986.914,121200,200,0
2023-04-28,1986.879,1994.994,1975.823,1989.376,121129,200,0
2023-04-30,1989.602,1991.877,1986.62,1986.895,4632,200,0
2023-05-01,1986.927,2005.903,1977.054,1981.373,116651,200,0
2023-05-02,1981.385,2019.233,1978.455,2015.905,122117,200,0
2023-05-03,2015.916,2079.817,2007.571,2051.957,152920,200,0
2023-05-04,2051.959,2059.537,2030.327,2049.922,166002,200,0
2023-05-05,2049.924,2052.957,1999.287,2016.65,127091,200,0
2023-05-07,2016.428,2017.281,2014.174,2016.006,4614,200,0
2023-05-08,2015.976,2029.32,2015.15,2021.237,91195,200,0
2023-05-09,2021.266,2037.561,2019.483,2036.27,93231,200,0
2023-05-10,2036.31,2047.995,2021.306,2031.436,117030,200,0
2023-05-11,2031.411,2040.788,2011.104,2016.346,131655,200,0
2023-05-12,2016.367,2022.461,2000.895,2010.912,107767,200,0
2023-05-14,2008.664,2011.957,2008.664,2009.558,3383,200,0
2023-05-15,2009.551,2022.083,2008.637,2014.4,87550,200,0
2023-05-16,2014.411,2018.279,1985.414,1989.63,108066,200,0
2023-05-17,1989.633,1992.977,1974.734,1982.714,96742,200,0
2023-05-18,1982.717,1985.973,1951.937,1958.356,102465,200,0
2023-05-19,1958.364,1984.186,1954.003,1977.703,113065,200,0
2023-05-21,1978.005,1981.48,1978.005,1980.829,3723,200,0
2023-05-22,1980.827,1982.53,1968.69,1969.784,98370,200,0
2023-05-23,1969.814,1977.739,1954.232,1974.98,114176,200,0
2023-05-24,1975.021,1985.015,1956.683,1959.752,111496,200,0
2023-05-25,1959.748,1964.711,1938.813,1940.515,119450,200,0
2023-05-26,1940.492,1957.219,1936.576,1946.834,101875,200,0
2023-05-28,1943.265,1946.248,1943.227,1943.654,4454,200,0
2023-05-29,1943.687,1949.718,1940.27,1941.683,54792,200,0
2023-05-30,1941.498,1963.479,1932.042,1958.535,104714,200,0
2023-05-31,1958.544,1974.526,1953.625,1966.244,110052,200,0
2023-06-01,1966.275,1983.049,1953.338,1977.03,106020,200,0
2023-06-02,1977.033,1983.332,1947.58,1947.992,103362,200,0
2023-06-04,1947.366,1950.096,1947.297,1949.33,4212,200,0
2023-06-05,1949.344,1964.003,1938.048,1961.224,96575,200,0
2023-06-06,1961.231,1966.376,1954.295,1963.345,89171,200,0
2023-06-07,1963.315,1970.123,1939.839,1944.436,97628,200,0
2023-06-08,1944.433,1970.505,1942.764,1965.316,94448,200,0
2023-06-09,1965.313,1972.661,1956.53,1960.64,84886,200,0
2023-06-11,1959.592,1960.497,1958.013,1959.933,3406,200,0
2023-06-12,1959.941,1966.889,1949.118,1959.94,89398,200,0
2023-06-13,1959.953,1970.589,1939.975,1943.884,106681,200,0
2023-06-14,1943.891,1960.058,1939.673,1945.188,112293,200,0
2023-06-15,1945.146,1960.194,1924.838,1958.223,113378,200,0
2023-06-16,1958.223,1967.848,1953.188,1957.441,95086,200,0
2023-06-18,1958.5,1958.561,1956.235,1957.038,3499,200,0
2023-06-19,1957.046,1958.711,1947.734,1952.197,61242,200,0
2023-06-20,1952.383,1956.727,1929.584,1937.231,99437,200,0
2023-06-21,1937.225,1939.431,1918.808,1933.839,106484,200,0
2023-06-22,1933.838,1934.198,1912.355,1914.439,95123,200,0
2023-06-23,1914.439,1937.231,1910.091,1921.192,95849,200,0
2023-06-25,1922.951,1925.402,1922.682,1925.294,4392,200,0
2023-06-26,1925.293,1933.28,1920.902,1922.485,86274,200,0
2023-06-27,1922.501,1930.639,1910.8,1915.385,89607,200,0
2023-06-28,1915.389,1917.174,1902.5,1909.681,89685,200,0
2023-06-29,1909.712,1912.847,1892.839,1908.661,97303,200,0
2023-06-30,1908.692,1922.693,1900.419,1919.333,91778,200,0
2023-07-02,1918.552,1919.584,1917.464,1918.169,3360,200,0
2023-07-03,1918.164,1930.631,1910.003,1921.181,79027,200,0
2023-07-04,1921.18,1930.645,1920.024,1926.176,55090,200,0
2023-07-05,1926.247,1934.767,1914.765,1916.772,87100,200,0
2023-07-06,1916.784,1927.548,1902.568,1911.516,102471,200,0
2023-07-07,1911.543,1934.845,1909.625,1925.339,93342,200,0
2023-07-09,1925.288,1928.14,1923.842,1924.848,4469,200,0
2023-07-10,1924.858,1926.88,1912.299,1924.821,82799,200,0
2023-07-11,1924.822,1938.404,1924.406,1933.24,81691,200,0
2023-07-12,1933.244,1959.618,1933.171,1957.713,94138,200,0
2023-07-13,1957.714,1963.302,1952.294,1960.134,92710,200,0
2023-07-14,1960.124,1963.671,1950.661,1955.224,88696,200,0
2023-07-16,1954.975,1954.975,1951.354,1953.281,4160,200,0
2023-07-17,1953.281,1959.801,1945.553,1955.398,81276,200,0
2023-07-18,1955.396,1984.251,1954.677,1977.481,102233,200,0
2023-07-19,1977.464,1980.859,1969.692,1977.683,83621,200,0
2023-07-20,1977.661,1987.421,1965.32,1972.197,89922,200,0
2023-07-21,1972.227,1973.735,1956.605,1961.851,82263,200,0
2023-07-23,1962.228,1962.882,1960.351,1961.177,2975,200,0
2023-07-24,1961.172,1967.805,1953.174,1954.393,85837,200,0
2023-07-25,1954.394,1966.242,1951.787,1965.284,82943,200,0
2023-07-26,1965.283,1978.243,1962.002,1972.009,94550,200,0
2023-07-27,1972.012,1982.133,1942.018,1947.443,107111,200,0
2023-07-28,1947.411,1963.46,1946.054,1959.184,106930,200,0
2023-07-30,1959.875,1960.47,1957.373,1958.07,3962,200,0
2023-07-31,1958.054,1972.326,1950.718,1963.907,82330,200,0
2023-08-01,1963.876,1964.628,1941.209,1952.146,91696,200,0
2023-08-02,1952.14,1954.752,1932.864,1936.0,90773,200,0
2023-08-03,1936.025,1938.822,1929.496,1935.774,92177,200,0
2023-08-04,1935.747,1946.752,1925.071,1942.483,88436,200,0
2023-08-06,1942.56,1946.648,1942.415,1943.79,4377,200,0
2023-08-07,1943.785,1945.267,1931.357,1936.732,71963,200,0
2023-08-08,1936.763,1937.305,1922.508,1925.569,80957,200,0
2023-08-09,1925.574,1932.204,1913.983,1916.688,74596,200,0
2023-08-10,1916.688,1929.514,1910.694,1912.358,90706,200,0
2023-08-11,1912.358,1920.882,1911.858,1913.786,72537,200,0
2023-08-13,1913.666,1915.181,1912.395,1913.62,3311,200,0
2023-08-14,1913.62,1916.156,1902.465,1907.557,77663,200,0
2023-08-15,1907.567,1911.563,1896.208,1901.419,89205,200,0
2023-08-16,1901.412,1907.146,1891.652,1893.295,78588,200,0
2023-08-17,1893.298,1903.413,1884.996,1891.227,81654,200,0
2023-08-18,1891.231,1896.549,1886.724,1889.529,71922,200,0
2023-08-20,1889.357,1890.823,1888.8,1889.919,3175,200,0
2023-08-21,1889.934,1898.47,1884.547,1894.664,79697,200,0
2023-08-22,1894.674,1904.41,1888.824,1898.478,73979,200,0
2023-08-23,1898.476,1920.292,1898.432,1917.849,82468,200,0
2023-08-24,1917.849,1923.056,1911.554,1915.847,75282,200,0
2023-08-25,1915.845,1922.118,1903.45,1914.321,80407,200,0
2023-08-27,1915.974,1916.068,1914.322,1915.028,3309,200,0
2023-08-28,1915.029,1925.991,1912.694,1921.186,63469,200,0
2023-08-29,1921.199,1938.12,1914.357,1936.168,74862,200,0
2023-08-30,1936.176,1949.006,1934.94,1944.185,75673,200,0
2023-08-31,1944.195,1947.66,1939.033,1939.824,70640,200,0
2023-09-01,1939.828,1952.331,1934.334,1939.704,77934,200,0
2023-09-03,1939.987,1941.0,1939.406,1940.558,2143,200,0
2023-09-04,1940.557,1946.232,1936.688,1937.659,46363,200,0
2023-09-05,1937.551,1938.927,1925.272,1926.559,72881,200,0
2023-09-06,1926.569,1929.079,1915.153,1917.091,72856,200,0
2023-09-07,1917.086,1923.414,1915.987,1920.247,65696,200,0
2023-09-08,1920.255,1929.558,1917.153,1918.973,64958,200,0
2023-09-10,1919.621,1919.653,1916.576,1918.801,4003,200,0
2023-09-11,1918.795,1930.44,1918.316,1921.624,71009,200,0
2023-09-12,1921.59,1924.447,1907.232,1912.858,69300,200,0
2023-09-13,1912.857,1915.545,1905.105,1909.176,79604,200,0
2023-09-14,1909.169,1912.856,1900.918,1909.735,82528,200,0
2023-09-15,1909.766,1930.372,1909.766,1923.831,75293,200,0
2023-09-17,1924.077,1924.53,1922.547,1923.227,2713,200,0
2023-09-18,1923.227,1934.453,1922.723,1934.04,67195,200,0
2023-09-19,1934.061,1937.345,1929.723,1931.319,61553,200,0
2023-09-20,1931.317,1947.361,1927.837,1929.424,82824,200,0
2023-09-21,1929.428,1930.451,1913.641,1921.353,82597,200,0
2023-09-22,1921.361,1928.846,1921.19,1925.231,66567,200,0
2023-09-24,1926.116,1926.294,1924.402,1924.717,3126,200,0
2023-09-25,1924.73,1927.147,1914.981,1916.207,68741,200,0
2023-09-26,1916.209,1916.447,1899.103,1901.529,71200,200,0
2023-09-27,1901.524,1903.712,1872.491,1877.562,79492,200,0
2023-09-28,1877.583,1879.49,1857.494,1866.7,87843,200,0
2023-09-29,1866.695,1879.601,1846.282,1848.796,88176,200,0
2023-10-01,1847.284,1848.678,1845.687,1848.314,4066,200,0
2023-10-02,1848.314,1848.885,1820.404,1824.944,91702,200,0
2023-10-03,1824.919,1833.344,1815.218,1823.303,112738,200,0
2023-10-04,1823.303,1830.542,1816.556,1822.524,101111,200,0
2023-10-05,1822.472,1829.173,1812.994,1821.272,86951,200,0
2023-10-06,1821.272,1834.832,1810.402,1831.9,96660,200,0
2023-10-08,1853.39,1854.643,1845.525,1847.965,10973,200,0
2023-10-09,1847.992,1863.416,1844.161,1862.536,84497,200,0
2023-10-10,1862.582,1865.278,1852.97,1859.647,88395,200,0
2023-10-11,1859.633,1877.152,1858.59,1875.25,85908,200,0
2023-10-12,1875.251,1884.918,1867.883,1870.555,86442,200,0
2023-10-13,1870.546,1932.593,1870.055,1932.217,101880,200,0
2023-10-15,1927.521,1927.521,1921.177,1925.836,7670,200,0
2023-10-16,1925.842,1925.927,1908.144,1919.386,92372,200,0
2023-10-17,1919.382,1931.523,1912.343,1924.702,93140,200,0
2023-10-18,1924.7,1962.597,1923.74,1950.877,106995,200,0
2023-10-19,1950.818,1982.381,1945.172,1977.119,114568,200,0
2023-10-20,1977.183,1997.142,1971.975,1980.774,111246,200,0
2023-10-22,1972.732,1978.541,1970.037,1971.554,6286,200,0
2023-10-23,1971.516,1982.768,1964.273,1973.522,102763,200,0
2023-10-24,1973.52,1980.825,1953.409,1972.844,101726,200,0
2023-10-25,1972.848,1987.235,1963.001,1982.92,108696,200,0
2023-10-26,1982.941,1993.424,1971.77,1984.345,101745,200,0
2023-10-27,1984.343,2009.356,1976.838,2006.083,100372,200,0
2023-10-29,2002.989,2004.741,1996.833,2002.621,9383,200,0
2023-10-30,2002.649,2006.767,1990.941,1995.513,95385,200,0
2023-10-31,1995.531,2007.849,1978.806,1983.667,101914,200,0
2023-11-01,1983.67,1992.618,1969.823,1985.01,107149,200,0
2023-11-02,1984.989,1990.926,1978.798,1984.961,85327,200,0
2023-11-03,1984.956,2004.002,1983.218,1992.516,95255,200,0
2023-11-05,1991.419,1991.579,1987.149,1988.47,2472,200,0
2023-11-06,1988.473,1993.042,1975.737,1976.677,82643,200,0
2023-11-07,1976.653,1977.001,1956.624,1968.902,89577,200,0
2023-11-08,1968.908,1970.989,1947.335,1950.812,88824,200,0
2023-11-09,1950.815,1965.718,1944.52,1959.058,97698,200,0
2023-11-10,1959.059,1960.715,1932.898,1938.353,85404,200,0
2023-11-12,1941.002,1941.299,1921.384,1940.344,2190,200,0
2023-11-13,1940.374,1949.187,1931.604,1946.399,79799,200,0
2023-11-14,1946.414,1970.954,1937.468,1962.493,90804,200,0
2023-11-15,1962.487,1975.28,1955.413,1960.331,90313,200,0
2023-11-16,1960.333,1987.943,1956.437,1982.545,86820,199,0
2023-11-17,1982.649,1993.409,1978.514,1980.635,84984,199,0
2023-11-19,1977.456,1978.72,1974.12,1974.471,2472,199,0
2023-11-20,1974.532,1985.121,1965.416,1981.169,95925,199,0
2023-11-21,1981.155,2007.486,1980.709,1999.339,102311,199,0
2023-11-22,1999.338,2006.404,1986.851,1990.506,92517,199,0
2023-11-23,1990.515,1998.561,1989.762,1993.984,58345,199,0
2023-11-24,1994.072,2003.621,1991.463,2002.188,69441,199,0
2023-11-26,2000.897,2002.978,2000.484,2002.25,2307,357,0
2023-11-27,2002.364,2018.187,2001.789,2015.215,99696,199,0
2023-11-28,2015.217,2044.573,2011.387,2044.406,94598,199,0
2023-11-29,2044.426,2052.03,2035.228,2044.643,109426,199,0
2023-11-30,2044.64,2047.262,2031.277,2039.918,101395,199,0
2023-12-01,2040.075,2075.271,2033.825,2071.554,107645,199,0
2023-12-03,2074.106,2144.462,2071.635,2117.509,17109,381,0
2023-12-04,2117.88,2120.648,2019.986,2034.087,189526,199,0
2023-12-05,2033.931,2041.17,2009.744,2018.903,134394,199,0
2023-12-06,2018.904,2035.915,2018.683,2027.006,110332,199,0
2023-12-07,2026.977,2039.891,2020.091,2027.916,109396,199,0
2023-12-08,2028.061,2034.005,1994.518,2004.34,127419,199,0
2023-12-10,2005.584,2007.648,2004.547,2007.054,3143,199,0
2023-12-11,2006.993,2007.808,1975.841,1982.96,106017,199,0
2023-12-12,1982.954,1996.656,1977.115,1982.453,104521,199,0
2023-12-13,1982.452,2033.129,1973.033,2032.813,123522,199,0
2023-12-14,2032.858,2047.909,2027.353,2035.553,144898,199,0
2023-12-15,2035.52,2044.909,2015.546,2019.491,116115,199,0
2023-12-17,2019.802,2020.102,2015.891,2017.414,3334,199,0
2023-12-18,2017.413,2033.689,2016.067,2027.604,96927,199,0
2023-12-19,2027.568,2046.964,2021.696,2040.931,97559,199,0
2023-12-20,2040.862,2043.444,2027.387,2032.127,95338,199,0
2023-12-21,2032.103,2055.012,2031.906,2052.778,98431,199,0
2023-12-22,2052.788,2070.619,2046.75,2053.095,106409,199,0
2023-12-25,2057.746,2057.746,2052.916,2054.497,1478,1115,0
2023-12-26,2054.489,2069.044,2053.318,2065.502,59279,257,0
2023-12-27,2065.846,2084.423,2061.468,2079.169,89031,199,0
2023-12-28,2079.268,2088.485,2064.456,2066.564,100100,199,0
2023-12-29,2066.602,2074.729,2058.095,2062.838,93900,199,0
2024-01-01,2064.593,2066.095,2062.645,2063.543,1996,377,0
2024-01-02,2063.347,2078.877,2056.097,2059.476,101317,199,0
2024-01-03,2059.448,2065.982,2030.522,2042.666,120878,199,0
2024-01-04,2042.657,2050.958,2036.174,2043.865,97170,199,0
2024-01-05,2043.917,2063.987,2024.318,2045.479,128616,199,0
2024-01-07,2044.636,2045.575,2042.902,2044.208,2618,199,0
2024-01-08,2044.212,2046.584,2016.674,2030.439,115825,199,0
2024-01-09,2030.411,2042.004,2026.021,2030.401,108730,199,0
2024-01-10,2030.403,2040.263,2020.353,2026.358,102587,199,0
2024-01-11,2026.413,2047.858,2013.209,2034.954,134615,199,0
2024-01-12,2035.011,2062.267,2030.01,2049.032,120744,199,0
2024-01-14,2048.13,2048.705,2046.293,2047.587,2658,200,0
2024-01-15,2047.652,2058.626,2045.764,2053.841,73425,199,0
2024-01-16,2053.997,2054.508,2024.188,2027.826,127344,199,0
2024-01-17,2028.1,2032.935,2001.739,2009.243,121507,199,0
2024-01-18,2009.261,2024.232,2005.717,2023.423,100400,199,0
2024-01-19,2023.523,2039.232,2020.31,2029.452,91501,199,0
2024-01-21,2028.529,2028.563,2026.853,2027.504,2793,199,0
2024-01-22,2027.49,2032.074,2016.399,2020.552,95498,199,0
2024-01-23,2020.554,2037.908,2019.559,2029.137,96050,199,0
2024-01-24,2029.003,2036.63,2011.138,2016.101,105233,199,0
2024-01-25,2015.977,2025.241,2009.497,2020.248,98772,199,0
2024-01-26,2020.356,2026.819,2015.854,2018.469,84398,199,0
2024-01-28,2023.424,2028.601,2021.187,2021.831,5023,199,0
2024-01-29,2021.832,2037.561,2019.277,2030.73,89994,199,0
2024-01-30,2030.962,2048.556,2029.024,2036.231,98555,199,0
2024-01-31,2036.4,2055.969,2030.825,2039.784,126185,199,0
2024-02-01,2039.897,2065.458,2029.913,2054.627,120371,199,0
2024-02-02,2054.638,2057.623,2027.741,2039.607,109100,199,0
2024-02-04,2041.781,2042.218,2039.07,2039.716,3246,199,0
2024-02-05,2039.298,2039.822,2014.821,2024.859,98329,199,0
2024-02-06,2024.81,2038.88,2022.832,2035.069,89957,199,0
2024-02-07,2035.115,2044.527,2030.522,2036.227,83878,199,0
2024-02-08,2036.221,2038.726,2020.117,2034.123,89591,199,0
2024-02-09,2033.939,2037.174,2020.192,2024.192,82273,199,0
2024-02-11,2026.346,2026.706,2024.4,2025.264,2177,199,0
2024-02-12,2025.415,2027.54,2011.854,2018.65,77495,199,0
2024-02-13,2018.599,2032.537,1989.965,1991.193,99036,199,0
2024-02-14,1991.332,1996.039,1984.121,1993.453,91477,199,0
2024-02-15,1993.441,2008.222,1990.163,2003.157,87811,199,0
2024-02-16,2003.099,2015.127,1995.071,2013.269,89416,199,0
2024-02-18,2012.706,2019.066,1997.784,2010.606,4245,199,0
2024-02-19,2012.796,2022.957,2009.19,2016.206,63395,199,0
2024-02-20,2015.981,2030.875,2014.955,2024.128,80341,199,0
2024-02-21,2024.048,2032.25,2019.999,2025.568,82602,199,0
2024-02-22,2025.483,2034.833,2019.547,2024.677,88924,199,0
2024-02-23,2024.524,2041.344,2015.981,2035.524,84840,199,0
2024-02-25,2033.24,2034.94,2033.179,2034.224,2095,200,0
2024-02-26,2033.996,2037.02,2025.015,2031.073,80010,199,0
2024-02-27,2030.986,2039.471,2028.678,2030.09,76563,199,0
2024-02-28,2029.968,2037.925,2024.467,2034.303,77437,199,0
2024-02-29,2034.378,2050.683,2028.057,2043.981,88630,199,0
2024-03-01,2044.051,2088.31,2039.039,2083.315,98741,199,0
2024-03-03,2082.522,2086.146,2082.522,2083.44,2888,199,0
2024-03-04,2083.591,2119.885,2079.413,2114.48,99674,199,0
2024-03-05,2114.34,2141.881,2110.402,2128.162,124514,199,0
2024-03-06,2127.777,2152.234,2123.604,2147.192,119453,199,0
2024-03-07,2146.851,2164.753,2144.185,2161.465,123494,199,0
2024-03-08,2161.641,2195.153,2153.954,2178.502,136770,199,0
2024-03-10,2179.559,2183.825,2177.114,2181.567,5740,199,0
2024-03-11,2181.592,2189.012,2174.633,2183.552,102736,199,0
2024-03-12,2183.551,2184.484,2150.467,2156.915,130620,199,0
2024-03-13,2156.907,2179.8,2156.527,2175.361,101944,199,0
2024-03-14,2175.448,2176.978,2152.649,2161.62,105654,199,0
2024-03-15,2161.698,2172.712,2155.092,2155.698,95261,199,0
2024-03-17,2153.279,2156.533,2153.08,2156.517,5006,199,0
2024-03-18,2156.473,2163.613,2146.062,2161.65,93184,199,0
2024-03-19,2162.053,2162.838,2147.154,2157.009,96887,199,0
2024-03-20,2157.054,2211.005,2149.544,2203.501,130152,199,0
2024-03-21,2203.971,2212.563,2166.296,2181.491,141804,199,0
2024-03-22,2181.676,2186.042,2156.982,2165.338,111808,199,0
2024-03-24,2166.313,2168.893,2165.06,2168.337,5634,199,0
2024-03-25,2168.318,2181.267,2163.412,2172.878,102858,199,0
2024-03-26,2172.884,2200.05,2167.576,2179.466,109272,199,0
2024-03-27,2179.463,2197.586,2173.105,2190.969,107709,199,0
2024-03-28,2190.723,2236.293,2187.306,2232.58,123596,199,0
2024-03-31,2239.644,2247.34,2235.57,2244.928,10517,299,0
2024-04-01,2245.959,2265.678,2228.472,2248.936,128952,199,0
2024-04-02,2248.963,2288.254,2246.634,2280.206,151227,199,0
2024-04-03,2279.885,2302.445,2265.347,2297.448,153531,199,0
2024-04-04,2297.5,2305.543,2279.817,2288.891,143397,199,0
2024-04-05,2288.691,2330.526,2267.751,2329.355,173347,199,0
2024-04-07,2327.315,2328.564,2304.031,2311.647,19547,199,0
2024-04-08,2311.297,2354.14,2302.862,2338.788,231219,199,0
2024-04-09,2338.784,2365.34,2337.769,2354.776,184188,199,0
2024-04-10,2354.899,2360.079,2319.215,2335.429,228175,199,0
2024-04-11,2335.489,2379.358,2325.627,2377.0,178645,199,0
2024-04-12,2376.787,2431.527,2333.793,2344.382,305391,199,0
2024-04-14,2369.105,2371.92,2346.756,2364.486,11726,199,0
2024-04-15,2364.446,2392.036,2324.101,2381.835,250409,199,0
2024-04-16,2381.895,2398.28,2362.955,2382.843,237457,199,0
2024-04-17,2382.703,2395.58,2354.548,2367.838,194992,199,0
2024-04-18,2367.837,2392.805,2364.016,2380.003,167990,199,0
2024-04-19,2379.867,2417.893,2372.761,2390.677,255514,199,0
2024-04-21,2384.011,2388.589,2381.869,2386.483,9777,199,0
2024-04-22,2386.506,2386.506,2324.497,2333.738,188970,199,0
2024-04-23,2333.716,2334.376,2291.321,2323.21,218334,199,0
2024-04-24,2323.226,2337.354,2311.704,2316.219,155005,199,0
2024-04-25,2316.223,2344.872,2304.861,2330.621,173990,199,0
2024-04-26,2330.617,2352.555,2326.219,2337.792,141826,199,0
2024-04-28,2333.884,2336.829,2332.473,2335.985,6393,199,0
2024-04-29,2335.937,2346.706,2319.802,2333.173,153370,199,0
2024-04-30,2333.178,2336.113,2284.967,2291.244,156474,199,0
2024-05-01,2291.256,2328.288,2281.544,2323.809,178119,199,0
2024-05-02,2323.848,2326.47,2285.392,2304.247,147739,199,0
2024-05-03,2304.243,2320.712,2277.069,2301.627,171398,199,0
2024-05-05,2302.321,2303.288,2293.265,2293.968,7228,199,0
2024-05-06,2293.929,2332.091,2291.774,2325.943,148685,199,0
2024-05-07,2325.955,2329.925,2309.9,2315.119,116979,199,0
2024-05-08,2315.167,2321.336,2303.584,2308.74,124436,199,0
2024-05-09,2308.733,2348.325,2306.455,2346.517,132166,199,0
2024-05-10,2346.56,2378.509,2345.925,2360.449,146644,199,0
2024-05-12,2361.401,2363.088,2359.722,2360.411,5289,199,0
2024-05-13,2360.447,2364.488,2332.029,2338.408,128874,199,0
2024-05-14,2338.39,2359.615,2334.734,2355.772,131530,199,0
2024-05-15,2355.771,2391.91,2351.746,2391.769,158873,199,0
2024-05-16,2391.764,2397.355,2370.885,2377.726,139595,199,0
2024-05-17,2377.72,2422.736,2373.931,2413.933,137649,199,0
2024-05-19,2425.202,2425.202,2416.731,2420.194,10237,199,0
2024-05-20,2420.206,2450.025,2407.265,2426.133,207912,199,0
2024-05-21,2426.135,2433.943,2406.037,2421.654,171435,199,0
2024-05-22,2421.659,2426.539,2374.935,2382.124,169610,199,0
2024-05-23,2382.155,2383.686,2326.845,2332.012,191549,199,0
2024-05-24,2332.015,2347.385,2325.351,2333.781,122212,199,0
2024-05-26,2335.785,2340.678,2332.184,2337.175,6784,199,0
2024-05-27,2337.186,2358.486,2334.36,2352.373,95166,199,0
2024-05-28,2352.412,2364.078,2340.233,2359.685,145779,199,0
2024-05-29,2359.65,2361.361,2334.482,2338.364,130690,199,0
2024-05-30,2338.378,2351.847,2322.527,2343.907,155397,199,0
2024-05-31,2343.921,2359.724,2320.529,2327.191,154044,199,0
2024-06-02,2328.496,2328.76,2323.339,2325.937,6618,199,0
2024-06-03,2325.967,2354.746,2314.667,2350.629,144085,199,0
2024-06-04,2350.641,2352.798,2315.52,2328.786,147367,199,0
2024-06-05,2328.79,2357.53,2325.827,2355.012,136398,199,0
2024-06-06,2355.008,2378.522,2353.345,2376.73,137864,199,0
2024-06-07,2376.735,2387.696,2286.726,2293.801,196637,199,0
2024-06-09,2290.431,2300.041,2290.38,2298.479,7170,199,0
2024-06-10,2298.48,2313.761,2287.707,2309.947,120006,199,0
2024-06-11,2309.929,2319.95,2297.625,2315.071,132115,199,0
2024-06-12,2315.056,2341.624,2310.675,2320.55,172586,199,0
2024-06-13,2320.569,2326.755,2295.463,2302.336,145903,199,0
2024-06-14,2302.383,2336.56,2301.499,2332.826,127362,199,0
2024-06-16,2331.087,2331.482,2327.411,2328.874,4381,199,0
2024-06-17,2328.918,2328.948,2309.952,2320.645,110275,199,0
2024-06-18,2320.634,2333.08,2306.502,2328.255,119928,199,0
2024-06-19,2328.272,2334.963,2323.64,2329.342,73424,199,0
2024-06-20,2329.351,2365.5,2327.74,2360.747,126603,199,0
2024-06-21,2360.764,2368.742,2316.655,2321.503,135484,199,0
2024-06-23,2321.11,2322.193,2317.683,2319.184,5097,199,0
2024-06-24,2319.17,2334.635,2317.866,2330.876,109949,199,0
2024-06-25,2330.869,2337.086,2315.436,2320.028,117114,199,0
2024-06-26,2319.977,2323.896,2293.524,2298.401,129569,199,0
2024-06-27,2298.412,2330.936,2296.429,2327.72,116268,199,0
2024-06-28,2327.663,2339.809,2318.988,2326.638,115805,199,0
2024-06-30,2322.849,2326.157,2322.838,2324.933,4764,199,0
2024-07-01,2324.952,2338.472,2318.442,2332.222,114497,199,0
2024-07-02,2332.216,2336.78,2319.004,2330.18,111887,199,0
2024-07-03,2330.177,2364.926,2326.819,2358.699,118479,199,0
2024-07-04,2358.721,2362.533,2350.364,2356.721,72008,199,0
2024-07-05,2356.753,2392.929,2347.403,2391.557,127400,199,0
2024-07-07,2389.586,2390.178,2384.767,2386.117,5353,199,0
2024-07-08,2386.065,2391.085,2350.975,2361.71,121976,199,0
2024-07-09,2361.738,2371.573,2349.312,2364.966,122001,199,0
2024-07-10,2364.944,2386.696,2363.304,2372.852,101987,199,0
2024-07-11,2372.832,2424.538,2371.391,2415.857,157029,199,0
2024-07-12,2415.851,2418.241,2391.378,2411.399,121729,199,0
2024-07-14,2411.618,2412.238,2405.677,2408.657,6531,179,0
2024-07-15,2408.659,2439.761,2401.296,2422.496,131657,162,0
2024-07-16,2422.482,2469.967,2419.914,2468.278,147738,179,0
2024-07-17,2468.268,2483.753,2451.407,2461.296,180181,179,0
2024-07-18,2461.334,2474.966,2440.226,2441.25,145073,179,0
2024-07-19,2441.292,2441.343,2393.727,2400.451,172483,179,0
2024-07-21,2403.68,2411.931,2402.487,2411.528,7264,179,0
2024-07-22,2411.496,2412.188,2383.797,2395.783,141350,179,0
2024-07-23,2395.75,2411.984,2388.182,2408.513,129674,179,0
2024-07-24,2408.558,2431.954,2393.06,2398.669,151335,179,0
2024-07-25,2398.72,2399.985,2353.081,2363.801,219779,179,0
2024-07-26,2363.849,2390.799,2355.842,2387.114,141511,179,0
2024-07-28,2387.944,2403.181,2387.853,2397.091,11163,179,0
2024-07-29,2397.055,2402.488,2369.495,2381.143,146832,179,0
2024-07-30,2381.186,2412.878,2376.471,2409.807,149628,179,0
2024-07-31,2409.81,2450.951,2403.877,2445.743,174507,179,0
2024-08-01,2445.725,2462.302,2430.12,2445.844,204196,179,0
2024-08-02,2445.886,2477.704,2410.794,2441.892,265481,179,0
2024-08-04,2441.02,2446.317,2437.915,2440.952,13269,179,0
2024-08-05,2440.984,2458.836,2364.234,2404.837,361706,179,0
2024-08-06,2404.865,2418.371,2381.404,2383.788,233525,179,0
2024-08-07,2383.723,2407.059,2378.931,2384.791,182174,179,0
2024-08-08,2384.835,2427.818,2383.283,2424.595,181457,179,0
2024-08-09,2424.519,2437.055,2416.829,2430.805,144977,179,0
2024-08-11,2428.332,2433.24,2427.262,2427.927,6495,179,0
2024-08-12,2427.928,2476.033,2423.825,2475.536,134699,169,0
2024-08-13,2475.58,2476.963,2458.493,2464.06,143640,169,0
2024-08-14,2464.104,2480.064,2437.995,2449.408,195917,169,0
2024-08-15,2449.396,2470.095,2432.094,2457.298,189667,169,0
2024-08-16,2457.309,2509.783,2450.7,2507.82,159247,169,0
2024-08-18,2506.461,2506.778,2502.271,2506.414,7373,179,0
2024-08-19,2506.42,2507.482,2485.614,2503.544,149199,179,0
2024-08-20,2503.554,2531.668,2497.283,2512.964,163237,179,0
2024-08-21,2512.976,2519.942,2493.644,2512.783,157334,179,0
2024-08-22,2512.732,2514.701,2470.801,2487.564,159974,179,0
2024-08-23,2487.574,2518.35,2486.469,2512.357,157860,179,0
2024-08-25,2512.067,2516.683,2511.068,2515.917,7415,159,0
2024-08-26,2515.903,2527.009,2508.646,2515.511,146695,159,0
2024-08-27,2515.512,2529.043,2503.436,2525.269,154887,159,0
2024-08-28,2525.223,2525.813,2493.498,2508.11,147497,159,0
2024-08-29,2508.08,2528.669,2503.558,2519.613,155156,159,0
2024-08-30,2519.6,2526.914,2494.086,2503.342,168182,159,0
2024-09-01,2502.485,2504.76,2501.942,2502.98,5448,159,0
2024-09-02,2502.983,2507.31,2489.977,2497.242,100349,159,0
2024-09-03,2497.247,2506.247,2473.282,2493.223,190324,159,0
2024-09-04,2493.2,2500.266,2471.826,2495.829,165815,159,0
2024-09-05,2495.827,2523.574,2493.759,2517.282,168583,159,0
2024-09-06,2517.277,2529.232,2485.064,2497.555,235079,159,0
2024-09-08,2497.038,2498.276,2495.507,2496.869,6151,159,0
2024-09-09,2496.871,2507.701,2485.503,2506.813,160939,159,0
2024-09-10,2506.815,2518.849,2500.052,2518.678,148984,159,0
2024-09-11,2518.638,2529.086,2500.844,2511.893,193427,159,0
2024-09-12,2511.901,2560.091,2510.973,2558.422,193082,159,0
2024-09-13,2558.419,2586.12,2556.78,2579.067,172961,159,0
2024-09-15,2578.456,2580.454,2577.582,2579.163,7257,159,0
2024-09-16,2579.17,2589.651,2575.285,2583.659,139447,159,0
2024-09-17,2583.683,2586.956,2560.661,2574.05,164883,159,0
2024-09-18,2574.019,2600.138,2546.828,2559.239,254151,159,0
2024-09-19,2559.239,2594.963,2550.894,2587.282,209003,159,0
2024-09-20,2587.254,2625.754,2584.714,2622.098,185221,159,0
2024-09-22,2620.944,2622.119,2619.63,2620.234,5589,160,0
2024-09-23,2620.202,2634.881,2613.799,2626.3,161989,159,0
2024-09-24,2626.295,2664.366,2622.524,2658.204,201346,159,0
2024-09-25,2658.163,2670.629,2649.566,2656.24,188275,159,0
2024-09-26,2656.359,2685.611,2654.717,2672.601,223870,159,0
2024-09-27,2672.61,2674.269,2642.994,2657.983,209370,159,0
2024-09-29,2661.714,2665.106,2659.762,2663.543,9820,159,0
2024-09-30,2663.58,2666.069,2624.679,2635.634,202799,159,0
2024-10-01,2635.66,2673.222,2633.911,2660.361,202201,159,0
2024-10-02,2660.39,2663.387,2641.038,2660.328,170820,159,0
2024-10-03,2660.299,2662.968,2637.964,2655.804,184387,159,0
2024-10-04,2655.8,2670.167,2632.031,2653.519,203717,159,0
2024-10-06,2651.575,2652.397,2649.675,2650.158,6824,159,0
2024-10-07,2650.103,2659.613,2637.728,2642.944,173705,159,0
2024-10-08,2642.962,2653.012,2604.686,2621.868,241960,159,0
2024-10-09,2621.868,2624.321,2605.116,2608.476,175159,159,0
2024-10-10,2608.438,2636.019,2602.26,2633.149,198134,159,0
2024-10-11,2633.161,2661.462,2631.952,2656.864,151587,159,0
2024-10-13,2650.086,2652.472,2646.866,2648.091,9810,159,0
2024-10-14,2648.131,2666.838,2643.075,2649.357,155990,159,0
2024-10-15,2649.419,2668.93,2637.975,2660.5,174466,159,0
2024-10-16,2660.498,2685.394,2658.722,2674.087,175429,159,0
2024-10-17,2674.122,2696.788,2673.155,2693.706,191698,159,0
2024-10-18,2693.669,2722.633,2692.73,2721.778,182453,159,0
2024-10-20,2723.092,2725.145,2720.179,2723.416,7432,159,0
2024-10-21,2723.457,2740.552,2714.204,2721.483,211005,159,0
2024-10-22,2721.483,2748.908,2720.633,2746.553,170386,159,0
2024-10-23,2746.557,2758.508,2708.63,2721.258,211261,159,0
2024-10-24,2721.219,2743.208,2717.752,2733.844,178049,159,0
2024-10-25,2733.885,2747.774,2716.956,2747.023,158893,159,0
2024-10-27,2733.443,2740.176,2730.34,2735.815,12776,159,0
2024-10-28,2735.783,2745.917,2724.631,2744.427,158784,159,0
2024-10-29,2744.379,2775.383,2743.203,2774.915,180567,159,0
2024-10-30,2774.943,2790.075,2770.804,2785.49,176119,159,0
2024-10-31,2785.489,2790.084,2731.515,2746.691,197598,159,0
2024-11-01,2746.672,2762.261,2733.113,2736.69,186424,159,0
2024-11-03,2732.846,2740.334,2732.568,2738.352,5441,159,0
2024-11-04,2738.379,2748.215,2731.742,2736.001,162008,159,0
2024-11-05,2736.046,2749.917,2724.695,2745.707,157445,159,0
2024-11-06,2745.684,2749.681,2652.335,2664.048,373110,159,0
2024-11-07,2664.035,2710.317,2643.217,2706.866,239577,159,0
2024-11-08,2706.87,2710.418,2680.286,2684.758,201048,159,0
2024-11-10,2683.161,2685.65,2681.526,2685.605,3709,159,0
2024-11-11,2685.638,2686.141,2610.53,2624.038,210697,159,0
2024-11-12,2624.026,2627.162,2589.596,2598.956,233934,159,0
2024-11-13,2599.011,2618.841,2569.214,2570.989,226862,159,0
2024-11-14,2571.012,2577.447,2536.755,2566.899,243258,159,0
2024-11-15,2566.888,2576.06,2554.406,2562.969,202809,159,0
2024-11-17,2568.027,2575.523,2568.027,2571.441,5698,159,0
2024-11-18,2571.403,2615.104,2569.866,2612.704,190686,159,0
2024-11-19,2612.731,2639.473,2611.057,2635.166,199480,159,0
2024-11-20,2635.157,2655.433,2618.864,2652.124,172845,159,0
2024-11-21,2652.153,2673.522,2650.325,2669.159,179694,159,0
2024-11-22,2669.127,2715.658,2668.853,2715.573,214300,159,0
2024-11-24,2711.186,2721.405,2710.748,2719.756,8444,159,0
2024-11-25,2719.727,2720.136,2605.112,2610.461,324790,159,0
2024-11-26,2610.527,2641.993,2608.451,2632.254,231795,159,0
2024-11-27,2632.253,2658.206,2627.017,2637.168,182312,159,0
2024-11-28,2637.063,2649.674,2620.844,2638.767,122238,159,0
2024-11-29,2638.726,2666.383,2633.969,2655.23,154273,159,0
2024-12-01,2649.054,2650.324,2643.053,2645.659,5596,159,0
2024-12-02,2645.756,2651.794,2621.838,2642.211,226417,159,0
2024-12-03,2642.228,2655.665,2634.033,2642.721,183325,159,0
2024-12-04,2642.725,2657.184,2632.33,2650.397,188270,159,0
2024-12-05,2650.404,2655.518,2623.444,2633.713,173691,159,0
2024-12-06,2633.721,2645.733,2612.931,2632.92,204943,159,0
2024-12-08,2642.963,2648.524,2636.316,2640.064,8040,159,0
2024-12-09,2640.064,2676.445,2627.461,2660.449,196964,159,0
2024-12-10,2660.489,2698.378,2657.958,2695.986,180768,159,0
2024-12-11,2695.911,2721.052,2675.566,2719.922,185204,145,0
2024-12-12,2719.984,2726.206,2675.077,2680.623,73750,159,0
2024-12-13,2680.617,2692.778,2646.046,2648.392,70310,159,0
2024-12-15,2649.414,2653.127,2648.793,2651.479,1933,159,0
2024-12-16,2651.484,2664.447,2643.523,2651.744,118333,80,0
2024-12-17,2651.762,2658.639,2632.966,2647.378,161372,159,0
2024-12-18,2647.365,2651.746,2583.39,2588.225,184676,159,0
2024-12-19,2588.256,2626.43,2586.951,2593.519,208767,159,0
2024-12-20,2593.496,2631.875,2589.593,2622.643,178657,64,0
2024-12-22,2623.329,2624.907,2621.731,2624.293,1858,159,0
2024-12-23,2624.399,2633.259,2608.117,2615.492,123872,64,0
2024-12-24,2615.546,2621.472,2610.019,2616.713,100839,159,0
2024-12-25,2615.621,2620.115,2615.371,2618.656,2409,160,0
2024-12-26,2618.647,2639.177,2618.611,2632.684,118078,159,0
2024-12-27,2632.689,2638.314,2611.579,2621.623,135559,159,0
2024-12-29,2621.977,2626.159,2621.632,2624.035,4005,159,0
2024-12-30,2624.08,2628.111,2596.07,2606.677,141329,159,0
2024-12-31,2606.717,2627.541,2602.591,2624.381,122278,159,0
2025-01-01,2625.179,2625.839,2621.668,2623.766,3104,159,0
2025-01-02,2623.798,2660.463,2622.754,2658.327,161278,159,0
2025-01-03,2658.328,2665.253,2636.623,2640.37,133478,159,0
2025-01-05,2639.644,2642.398,2639.644,2641.063,3236,160,0
2025-01-06,2641.098,2649.515,2614.419,2634.676,194790,159,0
2025-01-07,2634.625,2664.264,2632.918,2649.807,170818,159,0
2025-01-08,2649.817,2670.053,2645.202,2662.507,162497,159,0
2025-01-09,2662.526,2678.333,2655.437,2669.951,135964,159,0
2025-01-10,2669.958,2698.026,2663.994,2689.589,273893,159,0
2025-01-12,2689.769,2691.373,2687.578,2691.105,5107,159,0
2025-01-13,2691.128,2693.368,2656.768,2668.058,263602,159,0
2025-01-14,2667.976,2678.277,2659.802,2675.589,201655,159,0
2025-01-15,2675.58,2697.97,2669.391,2694.963,219196,159,0
2025-01-16,2694.98,2724.74,2689.907,2714.578,239928,159,0
2025-01-17,2714.624,2717.346,2699.242,2702.879,165131,159,0
2025-01-19,2702.629,2703.084,2691.53,2696.424,4805,160,0
2025-01-20,2696.424,2713.766,2689.355,2710.445,143542,159,0
2025-01-21,2710.433,2745.963,2702.797,2744.259,169686,159,0
2025-01-22,2744.309,2763.457,2742.713,2755.583,221043,159,0
2025-01-23,2755.563,2758.966,2735.77,2754.543,234977,159,0
2025-01-24,2754.546,2786.013,2754.329,2771.079,222071,159,0
2025-01-26,2765.65,2769.721,2765.185,2767.553,8225,159,0
2025-01-27,2767.554,2772.541,2730.452,2741.71,279620,159,0
2025-01-28,2741.743,2765.069,2734.762,2762.704,205237,159,0
2025-01-29,2762.701,2766.271,2744.744,2760.307,226740,159,0
2025-01-30,2760.243,2798.505,2758.633,2796.146,234513,159,0
2025-01-31,2796.183,2817.244,2791.025,2799.348,293609,159,0
2025-02-02,2801.018,2804.653,2784.271,2793.709,36924,159,0
2025-02-03,2793.726,2830.586,2772.152,2814.023,393132,159,0
2025-02-04,2813.985,2845.504,2807.2,2841.206,312957,159,0
2025-02-05,2841.26,2882.425,2839.691,2869.279,291059,159,0
2025-02-06,2869.272,2873.327,2834.055,2858.0,290629,159,0
2025-02-07,2857.994,2886.751,2852.442,2861.006,274030,159,0
2025-02-09,2861.269,2870.59,2860.136,2867.495,7916,159,0
2025-02-10,2867.539,2921.675,2865.83,2917.847,259221,159,0
2025-02-11,2917.894,2942.682,2881.751,2898.536,361092,159,0
2025-02-12,2898.562,2909.267,2864.146,2905.781,269383,159,0
2025-02-13,2905.756,2932.484,2901.437,2931.217,227983,159,0
2025-02-14,2931.192,2940.005,2876.991,2882.772,290194,159,0
2025-02-16,2893.643,2894.034,2878.43,2879.221,16152,159,0
2025-02-17,2879.254,2906.455,2879.254,2899.373,177663,159,0
2025-02-18,2899.325,2936.994,2892.003,2934.061,170586,159,0
2025-02-19,2934.059,2947.041,2918.524,2935.384,200684,159,0
2025-02-20,2935.386,2954.975,2924.114,2941.53,198806,159,0
2025-02-21,2941.57,2949.748,2916.682,2936.453,205639,159,0
2025-02-23,2939.411,2940.533,2936.498,2936.867,6014,159,0
2025-02-24,2936.863,2956.229,2921.316,2949.996,209805,159,0
2025-02-25,2949.957,2952.552,2888.229,2918.604,244670,159,0
2025-02-26,2918.631,2930.162,2890.669,2919.118,192380,159,0
2025-02-27,2919.176,2919.176,2867.721,2876.063,265930,159,0
2025-02-28,2876.069,2885.034,2832.578,2858.242,244460,159,0
2025-03-02,2873.556,2876.984,2863.968,2870.799,13996,159,0
2025-03-03,2870.866,2895.267,2858.83,2890.886,205259,159,0
2025-03-04,2890.863,2927.891,2881.878,2914.363,222939,159,0
2025-03-05,2914.362,2930.042,2894.303,2918.236,264742,159,0
2025-03-06,2918.237,2926.584,2891.159,2910.354,232898,159,0
2025-03-07,2910.298,2930.525,2896.669,2911.256,272763,159,0
2025-03-09,2912.347,2917.025,2909.608,2916.189,10291,159,0
2025-03-10,2916.19,2918.312,2880.166,2884.685,259858,159,0
2025-03-11,2884.724,2922.262,2880.121,2915.551,190961,159,0
2025-03-12,2915.589,2940.617,2905.97,2938.039,201906,159,0
2025-03-13,2938.025,2989.943,2932.92,2986.435,207919,159,0
2025-03-14,2986.473,3004.918,2978.396,2986.37,200186,159,0
2025-03-16,2987.601,2994.118,2986.054,2990.061,7871,159,0
2025-03-17,2989.965,3002.783,2982.158,2999.831,149580,159,0
2025-03-18,2999.803,3038.334,2999.49,3031.774,178183,159,0
2025-03-19,3031.801,3051.982,3022.738,3050.026,176851,159,0
2025-03-20,3050.023,3057.484,3025.635,3046.409,193229,159,0
2025-03-21,3046.335,3047.435,2999.385,3023.493,193592,159,0
2025-03-23,3023.441,3026.331,3022.143,3024.721,6789,159,0
2025-03-24,3024.709,3033.208,3002.466,3009.91,176511,159,0
2025-03-25,3009.945,3035.987,3007.507,3021.041,148157,159,0
2025-03-26,3021.037,3032.042,3012.325,3021.623,154149,159,0
2025-03-27,3021.563,3059.885,3021.522,3055.71,208968,159,0
2025-03-28,3055.726,3086.759,3054.993,3085.002,213801,159,0
2025-03-30,3092.531,3097.861,3087.793,3089.213,13212,159,0
2025-03-31,3089.159,3128.165,3076.841,3120.581,276572,159,0
2025-04-01,3120.561,3149.059,3100.761,3115.168,272404,159,0
2025-04-02,3115.16,3167.792,3104.742,3162.712,319396,159,0
2025-04-03,3162.55,3164.812,3054.052,3112.884,498046,159,0
2025-04-04,3112.908,3136.756,3015.593,3038.506,516507,159,0
2025-04-06,3028.686,3032.445,2977.024,2999.944,46371,159,0
2025-04-07,2999.954,3055.804,2956.374,2981.328,685479,159,0
2025-04-08,2981.363,3022.746,2969.978,2978.367,332841,159,0
2025-04-09,2978.398,3099.673,2972.466,3086.784,457847,159,0
2025-04-10,3086.745,3191.341,3078.431,3188.972,358899,159,0
2025-04-11,3188.993,3245.436,3184.783,3237.519,383338,159,0
2025-04-13,3220.46,3224.786,3213.589,3223.733,19664,159,0
2025-04-14,3223.699,3245.757,3193.552,3212.626,265848,159,0
2025-04-15,3212.601,3251.826,3210.002,3251.78,184867,159,0
2025-04-16,3251.804,3357.738,3251.59,3350.133,295419,159,0
2025-04-17,3350.168,3356.316,3283.828,3327.671,308805,159,0
2025-04-20,3331.849,3353.144,3331.312,3348.078,23638,159,0
2025-04-21,3348.119,3444.257,3347.487,3434.548,296443,159,0
2025-04-22,3434.524,3500.033,3315.828,3336.561,546947,159,0
2025-04-23,3336.607,3386.643,3260.042,3316.384,494581,159,0
2025-04-24,3316.351,3370.789,3306.739,3348.976,350479,159,0
2025-04-25,3348.948,3363.157,3265.0,3318.798,320956,159,0
2025-04-27,3325.64,3330.215,3298.606,3302.739,25677,159,0
2025-04-28,3302.745,3353.006,3268.048,3337.682,306758,159,0
2025-04-29,3337.643,3340.061,3299.649,3317.122,257267,159,0
2025-04-30,3317.122,3327.982,3266.901,3272.887,297418,159,0
2025-05-01,3272.922,3276.329,3201.862,3237.253,318452,159,0
2025-05-02,3237.291,3269.242,3222.721,3240.947,280155,159,0
2025-05-04,3238.49,3252.3,3237.562,3247.922,17230,159,0
2025-05-05,3247.969,3338.019,3241.18,3334.031,263107,159,0
2025-05-06,3334.038,3435.016,3323.139,3400.68,375689,159,0
2025-05-07,3400.723,3401.666,3360.068,3376.488,356702,159,0
2025-05-08,3376.515,3414.851,3288.697,3316.412,386854,159,0
2025-05-09,3316.448,3347.556,3274.664,3326.805,269780,159,0
2025-05-11,3282.255,3292.6,3265.847,3287.561,32302,159,0
2025-05-12,3287.506,3290.026,3207.693,3236.858,398375,159,0
2025-05-13,3236.906,3265.659,3215.88,3254.41,262784,159,0
2025-05-14,3254.388,3254.658,3167.933,3186.127,311954,159,0
2025-05-15,3186.011,3252.105,3120.65,3237.15,310528,159,0
2025-05-16,3237.175,3244.613,3154.289,3202.217,312821,159,0
2025-05-18,3214.226,3245.252,3211.713,3234.91,28622,159,0
2025-05-19,3234.947,3249.812,3206.584,3222.532,266776,159,0
2025-05-20,3222.561,3304.072,3204.521,3290.695,274582,159,0
2025-05-21,3290.734,3324.897,3285.42,3320.085,284144,159,0
2025-05-22,3320.121,3345.472,3279.252,3300.146,302622,159,0
2025-05-23,3300.172,3365.925,3286.942,3356.275,303157,159,0
2025-05-25,3352.095,3352.48,3341.363,3342.691,22866,159,0
2025-05-26,3342.658,3356.859,3323.485,3346.139,165167,159,0
2025-05-27,3346.182,3350.029,3285.089,3309.435,249212,159,0
2025-05-28,3309.431,3325.529,3250.273,3259.895,245214,159,0
2025-05-29,3259.921,3331.225,3245.439,3315.503,268168,159,0
2025-05-30,3315.498,3322.742,3271.526,3289.665,264312,159,0
2025-06-01,3303.113,3316.742,3299.873,3310.255,17004,159,0
2025-06-02,3310.213,3392.238,3301.409,3387.456,234376,159,0
2025-06-03,3387.407,3388.687,3333.053,3359.996,224717,159,0
2025-06-04,3359.943,3384.709,3343.72,3378.042,217755,159,0
2025-06-05,3378.099,3403.592,3339.37,3361.81,318916,159,0
2025-06-06,3361.867,3375.685,3307.053,3311.702,266424,159,0
2025-06-08,3317.819,3321.215,3309.24,3318.038,14524,159,0
2025-06-09,3318.082,3338.24,3293.428,3326.766,199789,159,0
2025-06-10,3326.809,3349.153,3301.917,3327.862,227983,159,0
2025-06-11,3327.936,3373.534,3319.22,3365.376,271068,159,0
2025-06-12,3365.405,3399.045,3338.536,3395.882,279770,160,0
2025-06-13,3395.837,3446.819,3391.693,3433.449,340673,160,0
2025-06-15,3440.955,3451.251,3438.591,3444.141,24939,160,0
2025-06-16,3444.166,3451.224,3382.725,3402.769,275404,160,0
2025-06-17,3402.815,3403.256,3366.079,3387.392,266997,160,0
2025-06-18,3387.295,3400.011,3362.474,3375.023,245185,160,0
2025-06-19,3375.042,3387.968,3347.456,3368.739,184349,160,0
2025-06-20,3368.763,3374.477,3340.345,3368.546,185394,160,0
2025-06-22,3384.117,3388.96,3371.173,3372.755,26322,160,0
2025-06-23,3372.776,3393.565,3341.462,3344.235,254762,160,0
2025-06-24,3344.27,3357.912,3295.339,3324.142,255798,160,0
2025-06-25,3324.139,3340.158,3311.894,3339.028,159568,160,0
2025-06-26,3338.987,3350.37,3309.947,3318.758,197557,160,0
2025-06-27,3318.767,3322.012,3255.821,3274.526,241458,160,0
2025-06-29,3272.488,3274.249,3247.921,3263.806,27905,160,0
2025-06-30,3263.775,3314.602,3259.456,3312.441,184665,160,0
2025-07-01,3312.493,3358.015,3309.917,3338.152,187379,160,0
2025-07-02,3338.186,3365.726,3327.587,3349.395,176065,160,0
2025-07-03,3349.42,3363.677,3311.535,3330.871,180084,160,0
2025-07-04,3330.875,3345.127,3325.867,3334.998,96870,160,0
2025-07-06,3341.408,3341.918,3326.187,3328.853,11990,160,0
2025-07-07,3328.83,3345.823,3296.296,3334.653,206084,160,0
2025-07-08,3334.697,3339.5,3287.023,3302.277,195762,160,0
2025-07-09,3302.322,3321.176,3282.656,3317.64,178736,160,0
2025-07-10,3317.559,3330.318,3310.017,3323.808,159006,160,0
2025-07-11,3323.764,3368.736,3323.638,3355.105,186920,160,0
2025-07-13,3361.295,3374.017,3359.658,3367.772,17883,160,0
2025-07-14,3367.731,3375.078,3340.954,3345.337,170089,160,0
2025-07-15,3345.299,3366.356,3320.218,3331.056,176919,160,0
2025-07-16,3331.092,3377.523,3319.529,3346.526,240545,160,0
2025-07-17,3346.556,3347.405,3309.883,3340.139,165134,160,0
2025-07-18,3340.176,3361.236,3331.801,3350.395,137554,160,0
2025-07-20,3348.767,3350.115,3345.015,3349.128,7784,160,0
2025-07-21,3349.168,3402.783,3347.656,3396.532,159225,160,0
2025-07-22,3396.54,3433.507,3383.24,3427.458,182031,160,0
2025-07-23,3427.433,3438.98,3381.402,3390.008,207467,160,0
2025-07-24,3390.06,3393.438,3351.315,3369.419,177156,160,0
2025-07-25,3369.422,3373.578,3324.928,3336.826,151270,160,0
2025-07-27,3329.144,3337.465,3323.817,3333.683,15938,160,0
2025-07-28,3333.675,3345.352,3301.77,3312.468,173251,160,0
2025-07-29,3312.485,3334.142,3307.843,3327.531,171987,160,0
2025-07-30,3327.568,3334.025,3268.034,3285.303,217598,160,0
2025-07-31,3285.257,3314.83,3282.802,3288.651,190098,160,0
2025-08-01,3288.607,3363.566,3281.566,3363.119,223306,160,0
2025-08-03,3364.339,3364.563,3354.526,3361.957,12387,160,0
2025-08-04,3361.99,3385.353,3345.006,3377.407,153143,160,0
2025-08-05,3377.383,3390.402,3349.803,3383.151,149177,160,0
2025-08-06,3383.221,3385.34,3358.091,3370.155,144884,160,0
2025-08-07,3370.205,3408.99,3365.222,3400.47,258010,160,0
2025-08-08,3400.432,3404.271,3376.445,3398.564,357973,160,0
2025-08-10,3400.578,3401.819,3390.292,3391.548,14057,160,0
2025-08-11,3391.592,3391.639,3341.273,3349.027,216182,160,0
2025-08-12,3349.01,3359.254,3331.08,3350.57,206790,160,0
2025-08-13,3350.58,3370.735,3342.678,3362.702,143328,160,0
2025-08-14,3362.748,3374.859,3329.766,3335.551,190587,160,0
2025-08-15,3335.58,3348.747,3332.372,3335.213,137351,160,0
2025-08-17,3334.569,3335.381,3323.503,3327.087,10050,160,0
2025-08-18,3327.08,3358.417,3326.773,3330.978,131690,160,0
2025-08-19,3330.99,3345.328,3312.771,3314.231,143010,160,0
2025-08-20,3314.241,3352.092,3311.476,3346.836,133391,160,0
2025-08-21,3346.906,3348.081,3325.126,3338.411,134213,160,0
2025-08-22,3338.367,3378.869,3321.45,3372.299,158107,160,0
2025-08-24,3368.744,3371.052,3365.862,3368.995,7171,160,0
2025-08-25,3369.08,3376.306,3351.716,3354.854,109315,160,0
2025-08-26,3354.827,3393.583,3351.252,3390.862,161184,160,0
2025-08-27,3390.853,3399.502,3373.698,3395.819,132559,160,0
2025-08-28,3395.762,3423.212,3384.603,3414.819,139350,160,0
2025-08-29,3414.85,3453.924,3404.313,3448.035,137968,160,0
2025-08-31,3445.866,3452.606,3442.459,3447.952,9772,160,0
2025-09-01,3447.912,3489.928,3437.028,3479.211,164603,160,0
2025-09-02,3479.13,3540.094,3470.194,3529.984,247116,160,0
2025-09-03,3530.082,3578.427,3526.781,3560.292,236097,160,0
2025-09-04,3560.341,3563.473,3511.172,3552.54,233708,160,0
2025-09-05,3552.532,3600.076,3544.721,3586.597,237665,160,0
2025-09-07,3591.856,3596.716,3587.112,3591.151,23680,160,0
2025-09-08,3591.173,3646.316,3579.577,3634.992,215946,160,0
2025-09-09,3635.023,3674.523,3623.134,3633.568,271038,160,0
2025-09-10,3633.543,3657.622,3620.18,3644.883,193525,160,0
2025-09-11,3644.916,3649.134,3613.082,3631.842,208776,160,0
2025-09-12,3631.81,3656.62,3630.526,3643.484,160488,160,0
2025-09-14,3644.61,3646.044,3636.772,3638.241,7090,160,0
2025-09-15,3638.237,3685.623,3626.541,3676.965,172811,160,0
2025-09-16,3676.886,3703.088,3674.711,3694.245,180052,160,0
2025-09-17,3694.244,3707.49,3646.097,3669.169,284178,160,0
2025-09-18,3669.131,3673.021,3627.744,3640.239,243036,160,0
2025-09-19,3640.242,3685.203,3632.203,3684.861,189553,160,0
2025-09-21,3687.969,3692.29,3683.776,3686.253,11982,160,0
2025-09-22,3686.263,3749.254,3685.466,3747.763,221402,160,0
2025-09-23,3747.797,3791.084,3736.722,3763.836,278707,160,0
2025-09-24,3763.822,3779.257,3717.427,3742.92,232420,160,0
2025-09-25,3742.99,3761.648,3721.931,3744.717,283982,160,0
2025-09-26,3744.676,3783.85,3734.464,3761.041,234831,160,0
2025-09-28,3764.718,3772.495,3763.347,3766.899,12895,160,0
2025-09-29,3766.858,3834.0,3763.935,3832.835,317889,160,0
2025-09-30,3832.89,3871.7,3793.113,3862.927,357570,160,0
2025-10-01,3862.94,3895.356,3853.334,3863.518,322330,160,0
2025-10-02,3863.475,3897.154,3819.335,3862.41,313970,160,0
2025-10-03,3862.365,3891.669,3838.019,3887.045,266489,160,0
